[2026-07-28 22:23:35:2335] [[33mwarn[39m]: [33mCloudinary environment credentials not found. Local disk uploads will be used as a fallback.[39m
[2026-07-28 22:23:35:2335] [[32minfo[39m]: [32mServer is running in development mode on port 5000[39m
[2026-07-28 22:23:35:2335] [[32minfo[39m]: [32mSuccessfully connected to MongoDB database.[39m
[2026-07-28 22:33:57:3357] [[33mwarn[39m]: [33mCloudinary environment credentials not found. Local disk uploads will be used as a fallback.[39m
[2026-07-28 22:33:57:3357] [[32minfo[39m]: [32mServer is running in development mode on port 5000[39m
[2026-07-28 22:33:57:3357] [[32minfo[39m]: [32mSuccessfully connected to MongoDB database.[39m
[2026-07-28 22:50:54:5054] [[33mwarn[39m]: [33mCloudinary environment credentials not found. Local disk uploads will be used as a fallback.[39m
[2026-07-28 22:50:55:5055] [[32minfo[39m]: [32mServer is running in development mode on port 5000[39m
[2026-07-28 22:50:55:5055] [[32minfo[39m]: [32mSuccessfully connected to MongoDB database.[39m
[2026-07-28 23:00:36:036] [[33mwarn[39m]: [33mCloudinary environment credentials not found. Local disk uploads will be used as a fallback.[39m
[2026-07-28 23:00:36:036] [[32minfo[39m]: [32mServer is running in development mode on port 5000[39m
[2026-07-28 23:00:36:036] [[32minfo[39m]: [32mSuccessfully connected to MongoDB database.[39m
[2026-07-28 23:08:04:84] [[33mwarn[39m]: [33mCloudinary environment credentials not found. Local disk uploads will be used as a fallback.[39m
[2026-07-28 23:08:04:84] [[32minfo[39m]: [32mServer is running in development mode on port 5000[39m
[2026-07-28 23:08:04:84] [[32minfo[39m]: [32mSuccessfully connected to MongoDB database.[39m
[2026-07-28 23:09:34:934] [[32minfo[39m]: [32mCloudinary integration enabled.[39m
[2026-07-28 23:09:34:934] [[32minfo[39m]: [32mServer is running in development mode on port 5000[39m
[2026-07-28 23:09:35:935] [[32minfo[39m]: [32mSuccessfully connected to MongoDB database.[39m
[2026-07-28 23:10:31:1031] [[32minfo[39m]: [32mCreated Sandbox User: sai.23mic7189@vitapstudent.ac.in with role: student[39m
[2026-07-28 23:10:31:1031] [[32minfo[39m]: [32mNew WebSocket client connected: sdIkgFtLktZwxGzhAAAB[39m
[2026-07-28 23:10:31:1031] [[32minfo[39m]: [32mUser 6a68e98f7a9283f28829320f bound to socket sdIkgFtLktZwxGzhAAAB[39m
[2026-07-28 23:26:32:2632] [[32minfo[39m]: [32mUser 6a68e98f7a9283f28829320f disconnected from socket sdIkgFtLktZwxGzhAAAB[39m
[2026-07-28 23:26:48:2648] [[32minfo[39m]: [32mSandbox User login: sai.23mic7189@vitapstudent.ac.in[39m
[2026-07-28 23:26:48:2648] [[32minfo[39m]: [32mNew WebSocket client connected: 48wLdJF1M6vMKbVRAAAD[39m
[2026-07-28 23:26:48:2648] [[32minfo[39m]: [32mUser 6a68e98f7a9283f28829320f bound to socket 48wLdJF1M6vMKbVRAAAD[39m
[2026-07-28 23:27:27:2727] [[32minfo[39m]: [32mNew WebSocket client connected: XgHeRoCMZI7nfaRKAAAF[39m
[2026-07-28 23:27:27:2727] [[32minfo[39m]: [32mUser 6a68e98f7a9283f28829320f bound to socket XgHeRoCMZI7nfaRKAAAF[39m
[2026-07-28 23:27:27:2727] [[32minfo[39m]: [32mUser 6a68e98f7a9283f28829320f disconnected from socket XgHeRoCMZI7nfaRKAAAF[39m
[2026-07-28 23:27:28:2728] [[32minfo[39m]: [32mNew WebSocket client connected: iXZW4WJcL1z9BHa6AAAI[39m
[2026-07-28 23:27:28:2728] [[32minfo[39m]: [32mUser 6a68e98f7a9283f28829320f bound to socket iXZW4WJcL1z9BHa6AAAI[39m
[2026-07-28 23:27:54:2754] [[32minfo[39m]: [32mSandbox User login: sai.23mic7189@vitapstudent.ac.in[39m
[2026-07-28 23:27:54:2754] [[32minfo[39m]: [32mUser 6a68e98f7a9283f28829320f disconnected from socket iXZW4WJcL1z9BHa6AAAI[39m
[2026-07-28 23:27:54:2754] [[32minfo[39m]: [32mNew WebSocket client connected: s0wVkPZmR11PIhwjAAAK[39m
[2026-07-28 23:27:54:2754] [[32minfo[39m]: [32mUser 6a68e98f7a9283f28829320f bound to socket s0wVkPZmR11PIhwjAAAK[39m
[2026-07-28 23:33:28:3328] [[32minfo[39m]: [32mCloudinary integration enabled.[39m
[2026-07-28 23:33:28:3328] [[32minfo[39m]: [32mServer is running in development mode on port 5000[39m
[2026-07-28 23:33:30:3330] [[32minfo[39m]: [32mSuccessfully connected to MongoDB database.[39m
[2026-07-29 00:14:22:1422] [[32minfo[39m]: [32mCloudinary integration enabled.[39m
[2026-07-29 00:14:22:1422] [[32minfo[39m]: [32mServer is running in development mode on port 5000[39m
[2026-07-29 00:14:23:1423] [[32minfo[39m]: [32mSuccessfully connected to MongoDB database.[39m
[2026-07-29 00:24:12:2412] [[32minfo[39m]: [32mCloudinary integration enabled.[39m
[2026-07-29 00:24:12:2412] [[32minfo[39m]: [32mServer is running in development mode on port 5000[39m
[2026-07-29 00:24:14:2414] [[31merror[39m]: [31mMongoDB connection error: D0550000:error:0A000438:SSL routines:ssl3_read_bytes:tlsv1 alert internal error:openssl\ssl\record\rec_layer_s3.c:916:SSL alert number 80[39m
[31m[39m
[2026-07-29 00:24:44:2444] [[32minfo[39m]: [32mCloudinary integration enabled.[39m
[2026-07-29 00:24:44:2444] [[32minfo[39m]: [32mServer is running in development mode on port 5000[39m
[2026-07-29 00:24:45:2445] [[31merror[39m]: [31mMongoDB connection error: 9C130000:error:0A000438:SSL routines:ssl3_read_bytes:tlsv1 alert internal error:openssl\ssl\record\rec_layer_s3.c:916:SSL alert number 80[39m
[31m[39m
[2026-07-29 00:27:09:279] [[32minfo[39m]: [32mCloudinary integration enabled.[39m
[2026-07-29 00:27:10:2710] [[32minfo[39m]: [32mServer is running in development mode on port 5000[39m
[2026-07-29 00:27:10:2710] [[32minfo[39m]: [32mSuccessfully connected to MongoDB database.[39m
[2026-07-29 00:31:01:311] [[32minfo[39m]: [32mCloudinary integration enabled.[39m
[2026-07-29 00:31:01:311] [[32minfo[39m]: [32mServer is running in development mode on port 5000[39m
[2026-07-29 00:31:01:311] [[32minfo[39m]: [32mSuccessfully connected to MongoDB database.[39m
[2026-07-29 00:40:02:402] [[32minfo[39m]: [32mCloudinary integration enabled.[39m
[2026-07-29 00:40:02:402] [[32minfo[39m]: [32mServer is running in development mode on port 5000[39m
[2026-07-29 00:40:03:403] [[32minfo[39m]: [32mSuccessfully connected to MongoDB database.[39m
[2026-07-29 00:40:21:4021] [[32minfo[39m]: [32mCloudinary integration enabled.[39m
[2026-07-29 00:40:22:4022] [[32minfo[39m]: [32mServer is running in development mode on port 5000[39m
[2026-07-29 00:40:22:4022] [[32minfo[39m]: [32mSuccessfully connected to MongoDB database.[39m
[2026-07-29 00:45:09:459] [[32minfo[39m]: [32mCloudinary integration enabled.[39m
[2026-07-29 00:45:09:459] [[32minfo[39m]: [32mServer is running in development mode on port 5000[39m
[2026-07-29 00:45:09:459] [[32minfo[39m]: [32mSuccessfully connected to MongoDB database.[39m
[2026-07-29 00:45:47:4547] [[32minfo[39m]: [32mCloudinary integration enabled.[39m
[2026-07-29 00:45:47:4547] [[32minfo[39m]: [32mServer is running in development mode on port 5000[39m
[2026-07-29 00:45:48:4548] [[32minfo[39m]: [32mSuccessfully connected to MongoDB database.[39m
[2026-07-29 00:46:48:4648] [[32minfo[39m]: [32mCloudinary integration enabled.[39m
[2026-07-29 00:46:48:4648] [[32minfo[39m]: [32mServer is running in development mode on port 5000[39m
[2026-07-29 00:46:49:4649] [[32minfo[39m]: [32mSuccessfully connected to MongoDB database.[39m
[2026-07-29 00:48:53:4853] [[32minfo[39m]: [32mCloudinary integration enabled.[39m
[2026-07-29 00:48:53:4853] [[32minfo[39m]: [32mServer is running in development mode on port 5000[39m
[2026-07-29 00:48:54:4854] [[32minfo[39m]: [32mSuccessfully connected to MongoDB database.[39m
[2026-07-29 00:53:06:536] [[32minfo[39m]: [32mCloudinary integration enabled.[39m
[2026-07-29 00:53:06:536] [[32minfo[39m]: [32mServer is running in development mode on port 5000[39m
[2026-07-29 00:53:06:536] [[32minfo[39m]: [32mSuccessfully connected to MongoDB database.[39m
[2026-07-29 00:55:26:5526] [[32minfo[39m]: [32mCloudinary integration enabled.[39m
[2026-07-29 00:55:26:5526] [[32minfo[39m]: [32mServer is running in development mode on port 5000[39m
[2026-07-29 00:55:27:5527] [[32minfo[39m]: [32mSuccessfully connected to MongoDB database.[39m
[2026-07-29 01:15:07:157] [[32minfo[39m]: [32mNew WebSocket client connected: In5WpvzhxlsdCnaAAAAC[39m
[2026-07-29 01:15:07:157] [[32minfo[39m]: [32mUser 6a68e98f7a9283f28829320f bound to socket In5WpvzhxlsdCnaAAAAC[39m
[2026-07-29 01:15:07:157] [[32minfo[39m]: [32mUser 6a68e98f7a9283f28829320f disconnected from socket In5WpvzhxlsdCnaAAAAC[39m
[2026-07-29 01:15:07:157] [[32minfo[39m]: [32mNew WebSocket client connected: 9HPrP_hzam5k73TbAAAE[39m
[2026-07-29 01:15:07:157] [[32minfo[39m]: [32mUser 6a68e98f7a9283f28829320f bound to socket 9HPrP_hzam5k73TbAAAE[39m
[2026-07-29 01:15:39:1539] [[32minfo[39m]: [32mNew WebSocket client connected: 84hsM3OHTMHdIbuGAAAG[39m
[2026-07-29 01:15:39:1539] [[32minfo[39m]: [32mUser 6a68e98f7a9283f28829320f bound to socket 84hsM3OHTMHdIbuGAAAG[39m
[2026-07-29 01:15:39:1539] [[32minfo[39m]: [32mUser 6a68e98f7a9283f28829320f disconnected from socket 84hsM3OHTMHdIbuGAAAG[39m
[2026-07-29 01:15:39:1539] [[32minfo[39m]: [32mNew WebSocket client connected: Xh-jp76qy2zccG40AAAI[39m
[2026-07-29 01:15:39:1539] [[32minfo[39m]: [32mUser 6a68e98f7a9283f28829320f bound to socket Xh-jp76qy2zccG40AAAI[39m
[2026-07-29 01:15:39:1539] [[32minfo[39m]: [32mUser 6a68e98f7a9283f28829320f disconnected from socket Xh-jp76qy2zccG40AAAI[39m
[2026-07-29 01:15:39:1539] [[32minfo[39m]: [32mNew WebSocket client connected: o9Ysvaa54VNO9znOAAAK[39m
[2026-07-29 01:15:39:1539] [[32minfo[39m]: [32mUser 6a68e98f7a9283f28829320f bound to socket o9Ysvaa54VNO9znOAAAK[39m
[2026-07-29 01:15:47:1547] [[32minfo[39m]: [32mNew WebSocket client connected: Rges_Ljv8Zl_BC-uAAAM[39m
[2026-07-29 01:15:47:1547] [[32minfo[39m]: [32mUser 6a68e98f7a9283f28829320f bound to socket Rges_Ljv8Zl_BC-uAAAM[39m
[2026-07-29 01:15:47:1547] [[32minfo[39m]: [32mUser 6a68e98f7a9283f28829320f disconnected from socket Rges_Ljv8Zl_BC-uAAAM[39m
[2026-07-29 01:15:47:1547] [[32minfo[39m]: [32mNew WebSocket client connected: 28oK2TrLsfGU6NziAAAO[39m
[2026-07-29 01:15:47:1547] [[32minfo[39m]: [32mUser 6a68e98f7a9283f28829320f bound to socket 28oK2TrLsfGU6NziAAAO[39m
[2026-07-29 01:15:48:1548] [[32minfo[39m]: [32mUser 6a68e98f7a9283f28829320f disconnected from socket 28oK2TrLsfGU6NziAAAO[39m
[2026-07-29 01:15:48:1548] [[32minfo[39m]: [32mNew WebSocket client connected: _bIWgdlPBjtvsLh6AAAQ[39m
[2026-07-29 01:15:48:1548] [[32minfo[39m]: [32mUser 6a68e98f7a9283f28829320f bound to socket _bIWgdlPBjtvsLh6AAAQ[39m
[2026-07-29 01:15:51:1551] [[32minfo[39m]: [32mNew WebSocket client connected: JonNRutMB5mT6dDhAAAS[39m
[2026-07-29 01:15:51:1551] [[32minfo[39m]: [32mUser 6a68e98f7a9283f28829320f bound to socket JonNRutMB5mT6dDhAAAS[39m
[2026-07-29 01:15:51:1551] [[32minfo[39m]: [32mUser 6a68e98f7a9283f28829320f disconnected from socket JonNRutMB5mT6dDhAAAS[39m
[2026-07-29 01:15:51:1551] [[32minfo[39m]: [32mNew WebSocket client connected: u7RQUz8E1i8UuYFDAAAU[39m
[2026-07-29 01:15:51:1551] [[32minfo[39m]: [32mUser 6a68e98f7a9283f28829320f bound to socket u7RQUz8E1i8UuYFDAAAU[39m
[2026-07-29 01:15:51:1551] [[32minfo[39m]: [32mUser 6a68e98f7a9283f28829320f disconnected from socket u7RQUz8E1i8UuYFDAAAU[39m
[2026-07-29 01:15:51:1551] [[32minfo[39m]: [32mNew WebSocket client connected: 5l4mnwN7wIylWp3zAAAW[39m
[2026-07-29 01:15:51:1551] [[32minfo[39m]: [32mUser 6a68e98f7a9283f28829320f bound to socket 5l4mnwN7wIylWp3zAAAW[39m
[2026-07-29 01:15:59:1559] [[32minfo[39m]: [32mNew WebSocket client connected: BoUs7v3aOIsMJT1VAAAY[39m
[2026-07-29 01:15:59:1559] [[32minfo[39m]: [32mUser 6a68e98f7a9283f28829320f bound to socket BoUs7v3aOIsMJT1VAAAY[39m
[2026-07-29 01:15:59:1559] [[32minfo[39m]: [32mUser 6a68e98f7a9283f28829320f disconnected from socket BoUs7v3aOIsMJT1VAAAY[39m
[2026-07-29 01:15:59:1559] [[32minfo[39m]: [32mNew WebSocket client connected: kSVaVmsb02xW3xUYAAAa[39m
[2026-07-29 01:15:59:1559] [[32minfo[39m]: [32mUser 6a68e98f7a9283f28829320f bound to socket kSVaVmsb02xW3xUYAAAa[39m
[2026-07-29 01:15:59:1559] [[32minfo[39m]: [32mUser 6a68e98f7a9283f28829320f disconnected from socket kSVaVmsb02xW3xUYAAAa[39m
[2026-07-29 01:15:59:1559] [[32minfo[39m]: [32mNew WebSocket client connected: vXX4fj7kioBoRQlRAAAc[39m
[2026-07-29 01:15:59:1559] [[32minfo[39m]: [32mUser 6a68e98f7a9283f28829320f bound to socket vXX4fj7kioBoRQlRAAAc[39m
[2026-07-29 01:16:05:165] [[32minfo[39m]: [32mUser 6a68e98f7a9283f28829320f disconnected from socket vXX4fj7kioBoRQlRAAAc[39m
[2026-07-29 01:16:05:165] [[32minfo[39m]: [32mNew WebSocket client connected: P_JBXJQgBs5m6iSVAAAe[39m
[2026-07-29 01:16:05:165] [[32minfo[39m]: [32mUser 6a68e98f7a9283f28829320f bound to socket P_JBXJQgBs5m6iSVAAAe[39m
[2026-07-29 01:16:06:166] [[32minfo[39m]: [32mUser 6a68e98f7a9283f28829320f disconnected from socket P_JBXJQgBs5m6iSVAAAe[39m
[2026-07-29 01:16:06:166] [[32minfo[39m]: [32mNew WebSocket client connected: v5wCyRAEqIX5XdatAAAg[39m
[2026-07-29 01:16:06:166] [[32minfo[39m]: [32mUser 6a68e98f7a9283f28829320f bound to socket v5wCyRAEqIX5XdatAAAg[39m
[2026-07-29 01:16:06:166] [[32minfo[39m]: [32mUser 6a68e98f7a9283f28829320f disconnected from socket v5wCyRAEqIX5XdatAAAg[39m
[2026-07-29 01:16:06:166] [[32minfo[39m]: [32mNew WebSocket client connected: R_1FiWGsvwWVoABqAAAi[39m
[2026-07-29 01:16:06:166] [[32minfo[39m]: [32mUser 6a68e98f7a9283f28829320f bound to socket R_1FiWGsvwWVoABqAAAi[39m
[2026-07-29 01:16:12:1612] [[32minfo[39m]: [32mNew WebSocket client connected: J8DYIzD_AS5TVx9NAAAk[39m
[2026-07-29 01:16:12:1612] [[32minfo[39m]: [32mUser 6a68e98f7a9283f28829320f bound to socket J8DYIzD_AS5TVx9NAAAk[39m
[2026-07-29 01:16:12:1612] [[32minfo[39m]: [32mUser 6a68e98f7a9283f28829320f disconnected from socket J8DYIzD_AS5TVx9NAAAk[39m
[2026-07-29 01:16:12:1612] [[32minfo[39m]: [32mNew WebSocket client connected: mXQxJLv0m20thgiMAAAm[39m
[2026-07-29 01:16:12:1612] [[32minfo[39m]: [32mUser 6a68e98f7a9283f28829320f bound to socket mXQxJLv0m20thgiMAAAm[39m
[2026-07-29 01:16:12:1612] [[32minfo[39m]: [32mUser 6a68e98f7a9283f28829320f disconnected from socket mXQxJLv0m20thgiMAAAm[39m
[2026-07-29 01:16:12:1612] [[32minfo[39m]: [32mNew WebSocket client connected: Hx_3e0y0u2SEEhyPAAAo[39m
[2026-07-29 01:16:12:1612] [[32minfo[39m]: [32mUser 6a68e98f7a9283f28829320f bound to socket Hx_3e0y0u2SEEhyPAAAo[39m
[2026-07-29 01:20:32:2032] [[31merror[39m]: [31mUpload error: Invalid cloud_name waygo[39m
[2026-07-29 01:22:22:2222] [[32minfo[39m]: [32mUser 6a68e98f7a9283f28829320f disconnected from socket Hx_3e0y0u2SEEhyPAAAo[39m
[2026-07-29 01:22:22:2222] [[32minfo[39m]: [32mNew WebSocket client connected: -iTqLMFJ0Q9GdxabAAAq[39m
[2026-07-29 01:22:22:2222] [[32minfo[39m]: [32mUser 6a68e98f7a9283f28829320f bound to socket -iTqLMFJ0Q9GdxabAAAq[39m
[2026-07-29 01:22:22:2222] [[32minfo[39m]: [32mUser 6a68e98f7a9283f28829320f disconnected from socket -iTqLMFJ0Q9GdxabAAAq[39m
[2026-07-29 01:22:22:2222] [[32minfo[39m]: [32mNew WebSocket client connected: zD_hSGrv7zo7T3NbAAAs[39m
[2026-07-29 01:22:22:2222] [[32minfo[39m]: [32mUser 6a68e98f7a9283f28829320f bound to socket zD_hSGrv7zo7T3NbAAAs[39m
[2026-07-29 01:22:22:2222] [[32minfo[39m]: [32mUser 6a68e98f7a9283f28829320f disconnected from socket zD_hSGrv7zo7T3NbAAAs[39m
[2026-07-29 01:22:22:2222] [[32minfo[39m]: [32mNew WebSocket client connected: 5I3ZB44JocbwpoBCAAAu[39m
[2026-07-29 01:22:22:2222] [[32minfo[39m]: [32mUser 6a68e98f7a9283f28829320f bound to socket 5I3ZB44JocbwpoBCAAAu[39m
[2026-07-29 01:24:16:2416] [[31merror[39m]: [31mUpload error: Invalid cloud_name waygo[39m
[2026-07-29 01:26:07:267] [[31merror[39m]: [31mUpload error: Invalid cloud_name waygo[39m
[2026-07-29 01:26:21:2621] [[32minfo[39m]: [32mCloudinary integration enabled.[39m
[2026-07-29 01:26:22:2622] [[32minfo[39m]: [32mServer is running in development mode on port 5000[39m
[2026-07-29 01:26:22:2622] [[32minfo[39m]: [32mSuccessfully connected to MongoDB database.[39m
[2026-07-29 01:26:22:2622] [[32minfo[39m]: [32mNew WebSocket client connected: UEKiFO7ECr_kQpE2AAAB[39m
[2026-07-29 01:26:22:2622] [[32minfo[39m]: [32mUser 6a68e98f7a9283f28829320f bound to socket UEKiFO7ECr_kQpE2AAAB[39m
[2026-07-29 01:29:52:2952] [[32minfo[39m]: [32mUser 6a68e98f7a9283f28829320f upgraded to driver role after documents verification approval.[39m
[2026-07-29 01:30:20:3020] [[32minfo[39m]: [32mUser 6a68e98f7a9283f28829320f disconnected from socket UEKiFO7ECr_kQpE2AAAB[39m
[2026-07-29 01:30:33:3033] [[32minfo[39m]: [32mNew WebSocket client connected: 4XpeAYglT3_LlPgvAAAF[39m
[2026-07-29 01:30:33:3033] [[32minfo[39m]: [32mUser 6a68e98f7a9283f28829320f bound to socket 4XpeAYglT3_LlPgvAAAF[39m
[2026-07-29 01:30:33:3033] [[32minfo[39m]: [32mUser 6a68e98f7a9283f28829320f disconnected from socket 4XpeAYglT3_LlPgvAAAF[39m
[2026-07-29 01:30:33:3033] [[32minfo[39m]: [32mNew WebSocket client connected: DqprUmMxx6wwyWn1AAAH[39m
[2026-07-29 01:30:33:3033] [[32minfo[39m]: [32mUser 6a68e98f7a9283f28829320f bound to socket DqprUmMxx6wwyWn1AAAH[39m
[2026-07-29 01:35:14:3514] [[32minfo[39m]: [32mNew WebSocket client connected: CkdO4svRL226VMzvAAAJ[39m
[2026-07-29 01:35:14:3514] [[32minfo[39m]: [32mUser 6a68e98f7a9283f28829320f bound to socket CkdO4svRL226VMzvAAAJ[39m
[2026-07-29 01:35:14:3514] [[32minfo[39m]: [32mUser 6a68e98f7a9283f28829320f disconnected from socket CkdO4svRL226VMzvAAAJ[39m
[2026-07-29 01:35:14:3514] [[32minfo[39m]: [32mNew WebSocket client connected: OvP7adKEkvoA0cenAAAL[39m
[2026-07-29 01:35:14:3514] [[32minfo[39m]: [32mUser 6a68e98f7a9283f28829320f bound to socket OvP7adKEkvoA0cenAAAL[39m
[2026-07-29 01:35:14:3514] [[32minfo[39m]: [32mUser 6a68e98f7a9283f28829320f disconnected from socket OvP7adKEkvoA0cenAAAL[39m
[2026-07-29 01:35:14:3514] [[32minfo[39m]: [32mNew WebSocket client connected: zigl1yUD_rt_WznzAAAN[39m
[2026-07-29 01:35:14:3514] [[32minfo[39m]: [32mUser 6a68e98f7a9283f28829320f bound to socket zigl1yUD_rt_WznzAAAN[39m
[2026-07-29 01:35:39:3539] [[32minfo[39m]: [32mUser 6a68e98f7a9283f28829320f disconnected from socket zigl1yUD_rt_WznzAAAN[39m
[2026-07-29 10:15:49:1549] [[32minfo[39m]: [32mNew WebSocket client connected: eQqzxCy9-DtfgkrtAAAQ[39m
[2026-07-29 10:15:49:1549] [[32minfo[39m]: [32mUser 6a68e98f7a9283f28829320f bound to socket eQqzxCy9-DtfgkrtAAAQ[39m
[2026-07-29 10:15:49:1549] [[32minfo[39m]: [32mUser 6a68e98f7a9283f28829320f disconnected from socket eQqzxCy9-DtfgkrtAAAQ[39m
[2026-07-29 10:15:49:1549] [[32minfo[39m]: [32mNew WebSocket client connected: 1mBx1wmjGJ4G7r6OAAAS[39m
[2026-07-29 10:15:49:1549] [[32minfo[39m]: [32mUser 6a68e98f7a9283f28829320f bound to socket 1mBx1wmjGJ4G7r6OAAAS[39m
[2026-07-29 10:16:22:1622] [[32minfo[39m]: [32mUser 6a68e98f7a9283f28829320f disconnected from socket 1mBx1wmjGJ4G7r6OAAAS[39m
[2026-07-29 10:16:22:1622] [[32minfo[39m]: [32mNew WebSocket client connected: X-r7H2sRm0srpCD2AAAU[39m
[2026-07-29 10:16:22:1622] [[32minfo[39m]: [32mUser 6a68e98f7a9283f28829320f bound to socket X-r7H2sRm0srpCD2AAAU[39m
[2026-07-29 10:16:22:1622] [[32minfo[39m]: [32mUser 6a68e98f7a9283f28829320f disconnected from socket X-r7H2sRm0srpCD2AAAU[39m
[2026-07-29 10:16:22:1622] [[32minfo[39m]: [32mNew WebSocket client connected: CsXEMbv1XdVqhSAEAAAW[39m
[2026-07-29 10:16:22:1622] [[32minfo[39m]: [32mUser 6a68e98f7a9283f28829320f bound to socket CsXEMbv1XdVqhSAEAAAW[39m
[2026-07-29 10:16:22:1622] [[32minfo[39m]: [32mUser 6a68e98f7a9283f28829320f disconnected from socket CsXEMbv1XdVqhSAEAAAW[39m
[2026-07-29 10:16:22:1622] [[32minfo[39m]: [32mNew WebSocket client connected: mhYXwMPSPnegpSxPAAAY[39m
[2026-07-29 10:16:22:1622] [[32minfo[39m]: [32mUser 6a68e98f7a9283f28829320f bound to socket mhYXwMPSPnegpSxPAAAY[39m
[2026-07-29 10:16:23:1623] [[32minfo[39m]: [32mUser 6a68e98f7a9283f28829320f disconnected from socket mhYXwMPSPnegpSxPAAAY[39m
[2026-07-29 10:16:24:1624] [[32minfo[39m]: [32mNew WebSocket client connected: hNy_kGjo6b74J-j-AAAa[39m
[2026-07-29 10:16:24:1624] [[32minfo[39m]: [32mUser 6a68e98f7a9283f28829320f bound to socket hNy_kGjo6b74J-j-AAAa[39m
[2026-07-29 10:16:24:1624] [[32minfo[39m]: [32mUser 6a68e98f7a9283f28829320f disconnected from socket hNy_kGjo6b74J-j-AAAa[39m
[2026-07-29 10:16:24:1624] [[32minfo[39m]: [32mNew WebSocket client connected: ME9zjnZ2lcLgOZx2AAAc[39m
[2026-07-29 10:16:24:1624] [[32minfo[39m]: [32mUser 6a68e98f7a9283f28829320f bound to socket ME9zjnZ2lcLgOZx2AAAc[39m
[2026-07-29 10:16:24:1624] [[32minfo[39m]: [32mUser 6a68e98f7a9283f28829320f disconnected from socket ME9zjnZ2lcLgOZx2AAAc[39m
[2026-07-29 10:16:24:1624] [[32minfo[39m]: [32mNew WebSocket client connected: 1IKx9qjIZYsjkWFuAAAe[39m
[2026-07-29 10:16:24:1624] [[32minfo[39m]: [32mUser 6a68e98f7a9283f28829320f bound to socket 1IKx9qjIZYsjkWFuAAAe[39m
[2026-07-29 10:16:25:1625] [[32minfo[39m]: [32mUser 6a68e98f7a9283f28829320f disconnected from socket 1IKx9qjIZYsjkWFuAAAe[39m
[2026-07-29 10:16:25:1625] [[32minfo[39m]: [32mNew WebSocket client connected: kzcL-_adrnHLTBu3AAAg[39m
[2026-07-29 10:16:25:1625] [[32minfo[39m]: [32mUser 6a68e98f7a9283f28829320f bound to socket kzcL-_adrnHLTBu3AAAg[39m
[2026-07-29 10:16:25:1625] [[32minfo[39m]: [32mUser 6a68e98f7a9283f28829320f disconnected from socket kzcL-_adrnHLTBu3AAAg[39m
[2026-07-29 10:16:25:1625] [[32minfo[39m]: [32mNew WebSocket client connected: T1pnxXsG5YSHwEPkAAAi[39m
[2026-07-29 10:16:25:1625] [[32minfo[39m]: [32mUser 6a68e98f7a9283f28829320f bound to socket T1pnxXsG5YSHwEPkAAAi[39m
[2026-07-29 10:16:25:1625] [[32minfo[39m]: [32mUser 6a68e98f7a9283f28829320f disconnected from socket T1pnxXsG5YSHwEPkAAAi[39m
[2026-07-29 10:16:25:1625] [[32minfo[39m]: [32mNew WebSocket client connected: TQNELXj4GT8IoLSvAAAk[39m
[2026-07-29 10:16:25:1625] [[32minfo[39m]: [32mUser 6a68e98f7a9283f28829320f bound to socket TQNELXj4GT8IoLSvAAAk[39m
[2026-07-29 10:16:58:1658] [[32minfo[39m]: [32mUser 6a68e98f7a9283f28829320f disconnected from socket TQNELXj4GT8IoLSvAAAk[39m
[2026-07-29 10:16:58:1658] [[32minfo[39m]: [32mNew WebSocket client connected: 0iEBZ_rCbzodr2YcAAAm[39m
[2026-07-29 10:16:58:1658] [[32minfo[39m]: [32mUser 6a68e98f7a9283f28829320f bound to socket 0iEBZ_rCbzodr2YcAAAm[39m
[2026-07-29 10:16:59:1659] [[32minfo[39m]: [32mUser 6a68e98f7a9283f28829320f disconnected from socket 0iEBZ_rCbzodr2YcAAAm[39m
[2026-07-29 10:16:59:1659] [[32minfo[39m]: [32mNew WebSocket client connected: 766KGBPz_5e5StvpAAAo[39m
[2026-07-29 10:16:59:1659] [[32minfo[39m]: [32mUser 6a68e98f7a9283f28829320f bound to socket 766KGBPz_5e5StvpAAAo[39m
[2026-07-29 10:16:59:1659] [[32minfo[39m]: [32mUser 6a68e98f7a9283f28829320f disconnected from socket 766KGBPz_5e5StvpAAAo[39m
[2026-07-29 10:16:59:1659] [[32minfo[39m]: [32mNew WebSocket client connected: uCUIkN-cW3CSX7VAAAAq[39m
[2026-07-29 10:16:59:1659] [[32minfo[39m]: [32mUser 6a68e98f7a9283f28829320f bound to socket uCUIkN-cW3CSX7VAAAAq[39m
[2026-07-29 10:17:22:1722] [[32minfo[39m]: [32mNew WebSocket client connected: IMlbz7K7JagZkLlYAAAs[39m
[2026-07-29 10:17:22:1722] [[32minfo[39m]: [32mUser 6a68e98f7a9283f28829320f bound to socket IMlbz7K7JagZkLlYAAAs[39m
[2026-07-29 10:17:22:1722] [[32minfo[39m]: [32mUser 6a68e98f7a9283f28829320f disconnected from socket IMlbz7K7JagZkLlYAAAs[39m
[2026-07-29 10:17:22:1722] [[32minfo[39m]: [32mNew WebSocket client connected: iIngwaEz-B-mE-hlAAAu[39m
[2026-07-29 10:17:22:1722] [[32minfo[39m]: [32mUser 6a68e98f7a9283f28829320f bound to socket iIngwaEz-B-mE-hlAAAu[39m
[2026-07-29 10:17:22:1722] [[32minfo[39m]: [32mUser 6a68e98f7a9283f28829320f disconnected from socket iIngwaEz-B-mE-hlAAAu[39m
[2026-07-29 10:17:22:1722] [[32minfo[39m]: [32mNew WebSocket client connected: FfHYFDDB6Ykc7MUTAAAw[39m
[2026-07-29 10:17:22:1722] [[32minfo[39m]: [32mUser 6a68e98f7a9283f28829320f bound to socket FfHYFDDB6Ykc7MUTAAAw[39m
[2026-07-29 10:17:35:1735] [[32minfo[39m]: [32mNew WebSocket client connected: KBvUgwV05UvmLR25AAAy[39m
[2026-07-29 10:17:35:1735] [[32minfo[39m]: [32mUser 6a68e98f7a9283f28829320f bound to socket KBvUgwV05UvmLR25AAAy[39m
[2026-07-29 10:17:35:1735] [[32minfo[39m]: [32mUser 6a68e98f7a9283f28829320f disconnected from socket KBvUgwV05UvmLR25AAAy[39m
[2026-07-29 10:17:35:1735] [[32minfo[39m]: [32mNew WebSocket client connected: tsgkuXe6vnA2eyi6AAA1[39m
[2026-07-29 10:17:35:1735] [[32minfo[39m]: [32mUser 6a68e98f7a9283f28829320f bound to socket tsgkuXe6vnA2eyi6AAA1[39m
[2026-07-29 10:17:35:1735] [[32minfo[39m]: [32mUser 6a68e98f7a9283f28829320f disconnected from socket tsgkuXe6vnA2eyi6AAA1[39m
[2026-07-29 10:17:35:1735] [[32minfo[39m]: [32mNew WebSocket client connected: EsedH58cjqZEy2iIAAA3[39m
[2026-07-29 10:17:35:1735] [[32minfo[39m]: [32mUser 6a68e98f7a9283f28829320f bound to socket EsedH58cjqZEy2iIAAA3[39m
[2026-07-29 10:17:35:1735] [[32minfo[39m]: [32mUser 6a68e98f7a9283f28829320f disconnected from socket EsedH58cjqZEy2iIAAA3[39m
[2026-07-29 10:17:35:1735] [[32minfo[39m]: [32mNew WebSocket client connected: bQbTk2NtUJree3nVAAA5[39m
[2026-07-29 10:17:35:1735] [[32minfo[39m]: [32mUser 6a68e98f7a9283f28829320f bound to socket bQbTk2NtUJree3nVAAA5[39m
[2026-07-29 10:24:52:2452] [[32minfo[39m]: [32mUser 6a68e98f7a9283f28829320f disconnected from socket bQbTk2NtUJree3nVAAA5[39m
[2026-07-29 10:34:24:3424] [[32minfo[39m]: [32mNew WebSocket client connected: RgTwApaZYi9w5EXkAAA9[39m
[2026-07-29 10:34:24:3424] [[32minfo[39m]: [32mNew WebSocket client connected: 5xtoQJxXyJQ357V2AAA_[39m
[2026-07-29 10:34:24:3424] [[32minfo[39m]: [32mUser 6a68e98f7a9283f28829320f bound to socket 5xtoQJxXyJQ357V2AAA_[39m
[2026-07-29 10:34:24:3424] [[32minfo[39m]: [32mUser 6a68e98f7a9283f28829320f disconnected from socket 5xtoQJxXyJQ357V2AAA_[39m
[2026-07-29 10:34:24:3424] [[32minfo[39m]: [32mNew WebSocket client connected: 90bwjBvlN2V5b-GxAABB[39m
[2026-07-29 10:34:24:3424] [[32minfo[39m]: [32mUser 6a68e98f7a9283f28829320f bound to socket 90bwjBvlN2V5b-GxAABB[39m
[2026-07-29 10:34:34:3434] [[32minfo[39m]: [32mNew WebSocket client connected: bVDLenopOOezQEJbAABD[39m
[2026-07-29 10:34:34:3434] [[32minfo[39m]: [32mUser 6a68e98f7a9283f28829320f bound to socket bVDLenopOOezQEJbAABD[39m
[2026-07-29 10:34:34:3434] [[32minfo[39m]: [32mUser 6a68e98f7a9283f28829320f disconnected from socket bVDLenopOOezQEJbAABD[39m
[2026-07-29 10:34:34:3434] [[32minfo[39m]: [32mNew WebSocket client connected: DHYqvq-OYPbISTysAABF[39m
[2026-07-29 10:34:34:3434] [[32minfo[39m]: [32mUser 6a68e98f7a9283f28829320f bound to socket DHYqvq-OYPbISTysAABF[39m
[2026-07-29 10:34:34:3434] [[32minfo[39m]: [32mUser 6a68e98f7a9283f28829320f disconnected from socket DHYqvq-OYPbISTysAABF[39m
[2026-07-29 10:34:34:3434] [[32minfo[39m]: [32mNew WebSocket client connected: 6NGnqNPm71E6opdCAABH[39m
[2026-07-29 10:34:34:3434] [[32minfo[39m]: [32mUser 6a68e98f7a9283f28829320f bound to socket 6NGnqNPm71E6opdCAABH[39m
[2026-07-29 10:34:37:3437] [[32minfo[39m]: [32mUser 6a68e98f7a9283f28829320f disconnected from socket 6NGnqNPm71E6opdCAABH[39m
[2026-07-29 10:56:10:5610] [[32minfo[39m]: [32mCloudinary integration enabled.[39m
[2026-07-29 10:56:10:5610] [[32minfo[39m]: [32mServer is running in development mode on port 5000[39m
[2026-07-29 10:56:10:5610] [[32minfo[39m]: [32mSuccessfully connected to MongoDB database.[39m
[2026-07-29 10:56:32:5632] [[32minfo[39m]: [32mCloudinary integration enabled.[39m
[2026-07-29 10:56:32:5632] [[32minfo[39m]: [32mServer is running in development mode on port 5000[39m
[2026-07-29 10:56:33:5633] [[32minfo[39m]: [32mSuccessfully connected to MongoDB database.[39m
[2026-07-29 10:56:48:5648] [[32minfo[39m]: [32mCloudinary integration enabled.[39m
[2026-07-29 10:56:48:5648] [[32minfo[39m]: [32mServer is running in development mode on port 5000[39m
[2026-07-29 10:56:49:5649] [[32minfo[39m]: [32mSuccessfully connected to MongoDB database.[39m
[2026-07-29 10:56:54:5654] [[32minfo[39m]: [32mCloudinary integration enabled.[39m
[2026-07-29 10:56:54:5654] [[32minfo[39m]: [32mServer is running in development mode on port 5000[39m
[2026-07-29 10:56:54:5654] [[32minfo[39m]: [32mSuccessfully connected to MongoDB database.[39m
[2026-07-29 10:59:42:5942] [[33mwarn[39m]: [33mSMTP credentials not configured. Falling back to Console logging.[39m
[2026-07-29 11:00:19:019] [[33mwarn[39m]: [33mSMTP credentials not configured. Falling back to Console logging.[39m
[2026-07-29 11:10:46:1046] [[32minfo[39m]: [32mCloudinary integration enabled.[39m
[2026-07-29 11:10:47:1047] [[32minfo[39m]: [32mServer is running in development mode on port 5000[39m
[2026-07-29 11:10:47:1047] [[32minfo[39m]: [32mSuccessfully connected to MongoDB database.[39m
[2026-07-29 11:10:56:1056] [[32minfo[39m]: [32mCloudinary integration enabled.[39m
[2026-07-29 11:10:56:1056] [[32minfo[39m]: [32mServer is running in development mode on port 5000[39m
[2026-07-29 11:10:56:1056] [[32minfo[39m]: [32mSuccessfully connected to MongoDB database.[39m
[2026-07-29 11:11:18:1118] [[32minfo[39m]: [32mCloudinary integration enabled.[39m
[2026-07-29 11:11:19:1119] [[32minfo[39m]: [32mServer is running in development mode on port 5000[39m
[2026-07-29 11:11:19:1119] [[32minfo[39m]: [32mSuccessfully connected to MongoDB database.[39m
[2026-07-29 11:11:24:1124] [[32minfo[39m]: [32mCloudinary integration enabled.[39m
[2026-07-29 11:11:25:1125] [[32minfo[39m]: [32mServer is running in development mode on port 5000[39m
[2026-07-29 11:11:25:1125] [[32minfo[39m]: [32mSuccessfully connected to MongoDB database.[39m
[2026-07-29 11:11:36:1136] [[32minfo[39m]: [32mCloudinary integration enabled.[39m
[2026-07-29 11:11:37:1137] [[32minfo[39m]: [32mServer is running in development mode on port 5000[39m
[2026-07-29 11:11:37:1137] [[32minfo[39m]: [32mSuccessfully connected to MongoDB database.[39m
[2026-07-29 11:11:43:1143] [[32minfo[39m]: [32mCloudinary integration enabled.[39m
[2026-07-29 11:11:43:1143] [[32minfo[39m]: [32mServer is running in development mode on port 5000[39m
[2026-07-29 11:11:43:1143] [[32minfo[39m]: [32mSuccessfully connected to MongoDB database.[39m
[2026-07-29 11:15:12:1512] [[32minfo[39m]: [32mCloudinary integration enabled.[39m
[2026-07-29 11:15:12:1512] [[32minfo[39m]: [32mServer is running in development mode on port 5000[39m
[2026-07-29 11:15:13:1513] [[32minfo[39m]: [32mSuccessfully connected to MongoDB database.[39m
[2026-07-29 11:35:03:353] [[33mwarn[39m]: [33m[Brevo SMTP not configured] Simulating OTP Email:[39m
[2026-07-29 11:37:08:378] [[33mwarn[39m]: [33m[Brevo SMTP not configured] Simulating OTP Email:[39m
[2026-07-29 11:37:57:3757] [[32minfo[39m]: [32mCloudinary integration enabled.[39m
[2026-07-29 11:37:58:3758] [[32minfo[39m]: [32mServer is running in development mode on port 5000[39m
[2026-07-29 11:37:58:3758] [[32minfo[39m]: [32mSuccessfully connected to MongoDB database.[39m
[2026-07-29 11:38:30:3830] [[32minfo[39m]: [32mOTP email sent successfully to: sai.23mic7189@vitapstudent.ac.in[39m
[2026-07-29 11:41:49:4149] [[32minfo[39m]: [32mOTP email sent successfully to: sai.23mic7189@vitapstudent.ac.in[39m
[2026-07-29 11:53:48:5348] [[32minfo[39m]: [32mCloudinary integration enabled.[39m
[2026-07-29 11:53:48:5348] [[32minfo[39m]: [32mServer is running in development mode on port 5000[39m
[2026-07-29 11:53:49:5349] [[32minfo[39m]: [32mSuccessfully connected to MongoDB database.[39m
[2026-07-29 11:54:59:5459] [[32minfo[39m]: [32mCloudinary integration enabled.[39m
[2026-07-29 11:55:00:550] [[32minfo[39m]: [32mServer is running in development mode on port 5000[39m
[2026-07-29 11:55:00:550] [[32minfo[39m]: [32mSuccessfully connected to MongoDB database.[39m
[2026-07-29 11:56:48:5648] [[32minfo[39m]: [32mCloudinary integration enabled.[39m
[2026-07-29 11:56:49:5649] [[32minfo[39m]: [32mServer is running in development mode on port 5000[39m
[2026-07-29 11:56:49:5649] [[32minfo[39m]: [32mSuccessfully connected to MongoDB database.[39m
[2026-07-29 11:58:43:5843] [[32minfo[39m]: [32mCloudinary integration enabled.[39m
[2026-07-29 11:58:44:5844] [[32minfo[39m]: [32mServer is running in development mode on port 5000[39m
[2026-07-29 11:58:44:5844] [[32minfo[39m]: [32mSuccessfully connected to MongoDB database.[39m
[2026-07-29 11:58:46:5846] [[32minfo[39m]: [32mOTP email sent successfully to: sai.23mic7189@vitapstudent.ac.in[39m
[2026-07-29 12:33:28:3328] [[32minfo[39m]: [32mCloudinary integration enabled.[39m
[2026-07-29 12:33:29:3329] [[32minfo[39m]: [32mServer is running in development mode on port 5000[39m
[2026-07-29 12:33:29:3329] [[32minfo[39m]: [32mSuccessfully connected to MongoDB database.[39m
[2026-07-29 12:34:00:340] [[32minfo[39m]: [32mNew WebSocket client connected: cmNZzKdx4bhXfhetAAAC[39m
[2026-07-29 12:34:00:340] [[32minfo[39m]: [32mUser 6a6999a4d9622b6d72b62298 bound to socket cmNZzKdx4bhXfhetAAAC[39m
[2026-07-29 12:34:00:340] [[32minfo[39m]: [32mUser 6a6999a4d9622b6d72b62298 disconnected from socket cmNZzKdx4bhXfhetAAAC[39m
[2026-07-29 12:34:00:340] [[32minfo[39m]: [32mNew WebSocket client connected: rTkPYicCZTldwEBAAAAE[39m
[2026-07-29 12:34:00:340] [[32minfo[39m]: [32mUser 6a6999a4d9622b6d72b62298 bound to socket rTkPYicCZTldwEBAAAAE[39m
[2026-07-29 12:34:00:340] [[32minfo[39m]: [32mUser 6a6999a4d9622b6d72b62298 disconnected from socket rTkPYicCZTldwEBAAAAE[39m
[2026-07-29 12:34:00:340] [[32minfo[39m]: [32mNew WebSocket client connected: CCH78HyPaOuxbiMOAAAG[39m
[2026-07-29 12:34:00:340] [[32minfo[39m]: [32mUser 6a6999a4d9622b6d72b62298 bound to socket CCH78HyPaOuxbiMOAAAG[39m
[2026-07-29 12:34:29:3429] [[32minfo[39m]: [32mNew WebSocket client connected: 2dc4b1NDCgl_UQDoAAAJ[39m
[2026-07-29 12:34:29:3429] [[32minfo[39m]: [32mUser 6a6999a4d9622b6d72b62298 bound to socket 2dc4b1NDCgl_UQDoAAAJ[39m
[2026-07-29 12:34:29:3429] [[32minfo[39m]: [32mUser 6a6999a4d9622b6d72b62298 disconnected from socket 2dc4b1NDCgl_UQDoAAAJ[39m
[2026-07-29 12:34:29:3429] [[32minfo[39m]: [32mNew WebSocket client connected: IjtHCjsfwCEhMA3yAAAL[39m
[2026-07-29 12:34:29:3429] [[32minfo[39m]: [32mUser 6a6999a4d9622b6d72b62298 bound to socket IjtHCjsfwCEhMA3yAAAL[39m
[2026-07-29 12:34:32:3432] [[32minfo[39m]: [32mUser 6a6999a4d9622b6d72b62298 disconnected from socket IjtHCjsfwCEhMA3yAAAL[39m
[2026-07-29 12:34:41:3441] [[32minfo[39m]: [32mNew WebSocket client connected: _QyHdR0mJCOZMJztAAAO[39m
[2026-07-29 12:34:41:3441] [[32minfo[39m]: [32mUser 6a6999a4d9622b6d72b62298 bound to socket _QyHdR0mJCOZMJztAAAO[39m
[2026-07-29 12:34:41:3441] [[32minfo[39m]: [32mUser 6a6999a4d9622b6d72b62298 disconnected from socket _QyHdR0mJCOZMJztAAAO[39m
[2026-07-29 12:34:41:3441] [[32minfo[39m]: [32mNew WebSocket client connected: wTJ4y6Z9UmHxwGROAAAQ[39m
[2026-07-29 12:34:41:3441] [[32minfo[39m]: [32mUser 6a6999a4d9622b6d72b62298 bound to socket wTJ4y6Z9UmHxwGROAAAQ[39m
[2026-07-29 12:34:41:3441] [[32minfo[39m]: [32mUser 6a6999a4d9622b6d72b62298 disconnected from socket wTJ4y6Z9UmHxwGROAAAQ[39m
[2026-07-29 12:34:41:3441] [[32minfo[39m]: [32mNew WebSocket client connected: ZWOx-T36GU7U_uL5AAAS[39m
[2026-07-29 12:34:41:3441] [[32minfo[39m]: [32mUser 6a6999a4d9622b6d72b62298 bound to socket ZWOx-T36GU7U_uL5AAAS[39m
[2026-07-29 12:35:28:3528] [[32minfo[39m]: [32mUser 6a6999a4d9622b6d72b62298 disconnected from socket ZWOx-T36GU7U_uL5AAAS[39m
[2026-07-29 12:35:28:3528] [[32minfo[39m]: [32mNew WebSocket client connected: eJVxS0EAF9K0uUCeAAAU[39m
[2026-07-29 12:35:28:3528] [[32minfo[39m]: [32mUser 6a6999a4d9622b6d72b62298 bound to socket eJVxS0EAF9K0uUCeAAAU[39m
[2026-07-29 12:36:29:3629] [[32minfo[39m]: [32mUser 6a6999a4d9622b6d72b62298 disconnected from socket eJVxS0EAF9K0uUCeAAAU[39m
[2026-07-29 12:36:29:3629] [[32minfo[39m]: [32mNew WebSocket client connected: nt-u5OCh0zeGC_w8AAAW[39m
[2026-07-29 12:36:29:3629] [[32minfo[39m]: [32mUser 6a6999a4d9622b6d72b62298 bound to socket nt-u5OCh0zeGC_w8AAAW[39m
[2026-07-29 12:36:29:3629] [[32minfo[39m]: [32mUser 6a6999a4d9622b6d72b62298 disconnected from socket nt-u5OCh0zeGC_w8AAAW[39m
[2026-07-29 12:36:29:3629] [[32minfo[39m]: [32mNew WebSocket client connected: YCOGV55tIjrcTD9XAAAY[39m
[2026-07-29 12:36:29:3629] [[32minfo[39m]: [32mUser 6a6999a4d9622b6d72b62298 bound to socket YCOGV55tIjrcTD9XAAAY[39m
[2026-07-29 12:36:29:3629] [[32minfo[39m]: [32mUser 6a6999a4d9622b6d72b62298 disconnected from socket YCOGV55tIjrcTD9XAAAY[39m
[2026-07-29 12:36:29:3629] [[32minfo[39m]: [32mNew WebSocket client connected: Q_NvMXlhvDlJBQGkAAAa[39m
[2026-07-29 12:36:29:3629] [[32minfo[39m]: [32mUser 6a6999a4d9622b6d72b62298 bound to socket Q_NvMXlhvDlJBQGkAAAa[39m
[2026-07-29 12:36:56:3656] [[32minfo[39m]: [32mUser 6a6999a4d9622b6d72b62298 disconnected from socket Q_NvMXlhvDlJBQGkAAAa[39m
[2026-07-29 12:37:06:376] [[32minfo[39m]: [32mPassword reset email sent successfully to: sai.23mic7189@vitapstudent.ac.in[39m
[2026-07-29 12:38:18:3818] [[32minfo[39m]: [32mPassword reset successfully: sai.23mic7189@vitapstudent.ac.in[39m
[2026-07-29 12:38:29:3829] [[32minfo[39m]: [32mOTP email sent successfully to: sai.23mic7189@vitapstudent.ac.in[39m
[2026-07-29 12:38:55:3855] [[32minfo[39m]: [32mUser email verified: sai.23mic7189@vitapstudent.ac.in[39m
[2026-07-29 12:39:11:3911] [[32minfo[39m]: [32mWelcome email sent successfully to: sai.23mic7189@vitapstudent.ac.in[39m
[2026-07-29 12:39:11:3911] [[32minfo[39m]: [32mNew WebSocket client connected: OxUKKohlVuyWSHKXAAAc[39m
[2026-07-29 12:39:11:3911] [[32minfo[39m]: [32mUser 6a6999a4d9622b6d72b62298 bound to socket OxUKKohlVuyWSHKXAAAc[39m
[2026-07-29 12:39:48:3948] [[32minfo[39m]: [32mUser 6a6999a4d9622b6d72b62298 disconnected from socket OxUKKohlVuyWSHKXAAAc[39m
[2026-07-29 12:41:53:4153] [[32minfo[39m]: [32mNew WebSocket client connected: 74LjR1Q_wUMVKBtHAAAf[39m
[2026-07-29 12:41:53:4153] [[32minfo[39m]: [32mUser 6a6999a4d9622b6d72b62298 bound to socket 74LjR1Q_wUMVKBtHAAAf[39m
[2026-07-29 12:41:53:4153] [[32minfo[39m]: [32mUser 6a6999a4d9622b6d72b62298 disconnected from socket 74LjR1Q_wUMVKBtHAAAf[39m
[2026-07-29 12:41:53:4153] [[32minfo[39m]: [32mNew WebSocket client connected: pX9i7S8PfdrzvBYNAAAh[39m
[2026-07-29 12:41:53:4153] [[32minfo[39m]: [32mUser 6a6999a4d9622b6d72b62298 bound to socket pX9i7S8PfdrzvBYNAAAh[39m
[2026-07-29 12:41:53:4153] [[32minfo[39m]: [32mUser 6a6999a4d9622b6d72b62298 disconnected from socket pX9i7S8PfdrzvBYNAAAh[39m
[2026-07-29 12:41:53:4153] [[32minfo[39m]: [32mNew WebSocket client connected: miOvRZeCAsJjLi52AAAj[39m
[2026-07-29 12:41:53:4153] [[32minfo[39m]: [32mUser 6a6999a4d9622b6d72b62298 bound to socket miOvRZeCAsJjLi52AAAj[39m
[2026-07-29 12:42:14:4214] [[32minfo[39m]: [32mUser 6a6999a4d9622b6d72b62298 disconnected from socket miOvRZeCAsJjLi52AAAj[39m
[2026-07-29 12:42:14:4214] [[32minfo[39m]: [32mNew WebSocket client connected: 2PoWBhOpIpYy25KUAAAl[39m
[2026-07-29 12:42:14:4214] [[32minfo[39m]: [32mUser 6a6999a4d9622b6d72b62298 bound to socket 2PoWBhOpIpYy25KUAAAl[39m
[2026-07-29 12:42:14:4214] [[32minfo[39m]: [32mUser 6a6999a4d9622b6d72b62298 disconnected from socket 2PoWBhOpIpYy25KUAAAl[39m
[2026-07-29 12:42:49:4249] [[32minfo[39m]: [32mCloudinary integration enabled.[39m
[2026-07-29 12:42:49:4249] [[32minfo[39m]: [32mServer is running in development mode on port 5000[39m
[2026-07-29 12:42:50:4250] [[32minfo[39m]: [32mSuccessfully connected to MongoDB database.[39m
[2026-07-29 12:42:58:4258] [[32minfo[39m]: [32mNew WebSocket client connected: _s6wS70SHOqXFxQOAAAB[39m
[2026-07-29 12:42:58:4258] [[32minfo[39m]: [32mNew WebSocket client connected: _uwzq5px1rYcw6Y2AAAD[39m
[2026-07-29 12:42:58:4258] [[32minfo[39m]: [32mUser 6a6999a4d9622b6d72b62298 bound to socket _uwzq5px1rYcw6Y2AAAD[39m
[2026-07-29 12:42:58:4258] [[32minfo[39m]: [32mUser 6a6999a4d9622b6d72b62298 disconnected from socket _uwzq5px1rYcw6Y2AAAD[39m
[2026-07-29 12:42:58:4258] [[32minfo[39m]: [32mNew WebSocket client connected: 31Rh4n1byHphA58vAAAF[39m
[2026-07-29 12:42:58:4258] [[32minfo[39m]: [32mUser 6a6999a4d9622b6d72b62298 bound to socket 31Rh4n1byHphA58vAAAF[39m
[2026-07-29 12:42:58:4258] [[32minfo[39m]: [32mUser 6a6999a4d9622b6d72b62298 disconnected from socket 31Rh4n1byHphA58vAAAF[39m
[2026-07-29 12:42:58:4258] [[32minfo[39m]: [32mNew WebSocket client connected: 0eMPPhLJxRwsXTrsAAAH[39m
[2026-07-29 12:42:58:4258] [[32minfo[39m]: [32mUser 6a6999a4d9622b6d72b62298 bound to socket 0eMPPhLJxRwsXTrsAAAH[39m
[2026-07-29 12:50:52:5052] [[32minfo[39m]: [32mCloudinary integration enabled.[39m
[2026-07-29 12:50:52:5052] [[32minfo[39m]: [32mServer is running in development mode on port 5000[39m
[2026-07-29 12:50:52:5052] [[32minfo[39m]: [32mNew WebSocket client connected: s_XiCL7dVkB_sHCBAAAB[39m
[2026-07-29 12:50:52:5052] [[32minfo[39m]: [32mUser 6a6999a4d9622b6d72b62298 bound to socket s_XiCL7dVkB_sHCBAAAB[39m
[2026-07-29 12:50:53:5053] [[32minfo[39m]: [32mSuccessfully connected to MongoDB database.[39m
[2026-07-29 12:51:17:5117] [[32minfo[39m]: [32mCloudinary integration enabled.[39m
[2026-07-29 12:51:17:5117] [[32minfo[39m]: [32mServer is running in development mode on port 5000[39m
[2026-07-29 12:51:17:5117] [[32minfo[39m]: [32mNew WebSocket client connected: At6MUAE7eLxQPkwbAAAB[39m
[2026-07-29 12:51:17:5117] [[32minfo[39m]: [32mUser 6a6999a4d9622b6d72b62298 bound to socket At6MUAE7eLxQPkwbAAAB[39m
[2026-07-29 12:51:18:5118] [[32minfo[39m]: [32mSuccessfully connected to MongoDB database.[39m
[2026-07-29 12:51:18:5118] [[32minfo[39m]: [32mSeeding default administrator account: saikondareddypala@gmail.com[39m
[2026-07-29 12:51:19:5119] [[32minfo[39m]: [32mAdministrator account successfully seeded.[39m
[2026-07-29 12:51:19:5119] [[32minfo[39m]: [32mSeeded default setting: maintenanceMode[39m
[2026-07-29 12:51:19:5119] [[32minfo[39m]: [32mSeeded default setting: driverVerificationRequired[39m
[2026-07-29 12:51:19:5119] [[32minfo[39m]: [32mSeeded default setting: emergencyContact[39m
[2026-07-29 12:51:19:5119] [[32minfo[39m]: [32mSeeded default setting: supportEmail[39m
[2026-07-29 12:51:28:5128] [[32minfo[39m]: [32mCloudinary integration enabled.[39m
[2026-07-29 12:51:29:5129] [[32minfo[39m]: [32mServer is running in development mode on port 5000[39m
[2026-07-29 12:51:29:5129] [[32minfo[39m]: [32mNew WebSocket client connected: _uyX8gsntp0Ej10QAAAB[39m
[2026-07-29 12:51:29:5129] [[32minfo[39m]: [32mUser 6a6999a4d9622b6d72b62298 bound to socket _uyX8gsntp0Ej10QAAAB[39m
[2026-07-29 12:51:29:5129] [[32minfo[39m]: [32mSuccessfully connected to MongoDB database.[39m
[2026-07-29 12:51:37:5137] [[32minfo[39m]: [32mCloudinary integration enabled.[39m
[2026-07-29 12:51:38:5138] [[32minfo[39m]: [32mServer is running in development mode on port 5000[39m
[2026-07-29 12:51:38:5138] [[32minfo[39m]: [32mNew WebSocket client connected: 80XCSNrYX2bf6e0OAAAB[39m
[2026-07-29 12:51:38:5138] [[32minfo[39m]: [32mUser 6a6999a4d9622b6d72b62298 bound to socket 80XCSNrYX2bf6e0OAAAB[39m
[2026-07-29 12:51:38:5138] [[32minfo[39m]: [32mSuccessfully connected to MongoDB database.[39m
[2026-07-29 12:52:29:5229] [[32minfo[39m]: [32mCloudinary integration enabled.[39m
[2026-07-29 12:52:30:5230] [[32minfo[39m]: [32mServer is running in development mode on port 5000[39m
[2026-07-29 12:52:30:5230] [[32minfo[39m]: [32mNew WebSocket client connected: QiJoNoAp-vKTdHQtAAAB[39m
[2026-07-29 12:52:30:5230] [[32minfo[39m]: [32mUser 6a6999a4d9622b6d72b62298 bound to socket QiJoNoAp-vKTdHQtAAAB[39m
[2026-07-29 12:52:32:5232] [[32minfo[39m]: [32mSuccessfully connected to MongoDB database.[39m
[2026-07-29 12:52:48:5248] [[32minfo[39m]: [32mUser 6a6999a4d9622b6d72b62298 disconnected from socket QiJoNoAp-vKTdHQtAAAB[39m
[2026-07-29 12:52:49:5249] [[32minfo[39m]: [32mNew WebSocket client connected: 4sjXbeiVlx18wVKDAAAF[39m
[2026-07-29 12:52:49:5249] [[32minfo[39m]: [32mUser 6a6999a4d9622b6d72b62298 bound to socket 4sjXbeiVlx18wVKDAAAF[39m
[2026-07-29 12:52:54:5254] [[32minfo[39m]: [32mUser 6a6999a4d9622b6d72b62298 disconnected from socket 4sjXbeiVlx18wVKDAAAF[39m
[2026-07-29 12:52:55:5255] [[32minfo[39m]: [32mNew WebSocket client connected: fhsUINfzCO-HWtrxAAAH[39m
[2026-07-29 12:52:55:5255] [[32minfo[39m]: [32mNew WebSocket client connected: FPtaex949fO_eW_eAAAJ[39m
[2026-07-29 12:52:55:5255] [[32minfo[39m]: [32mUser 6a6999a4d9622b6d72b62298 bound to socket FPtaex949fO_eW_eAAAJ[39m
[2026-07-29 12:52:55:5255] [[32minfo[39m]: [32mUser 6a6999a4d9622b6d72b62298 disconnected from socket FPtaex949fO_eW_eAAAJ[39m
[2026-07-29 12:52:56:5256] [[32minfo[39m]: [32mNew WebSocket client connected: hGnJi7wr94YEORE3AAAL[39m
[2026-07-29 12:52:56:5256] [[32minfo[39m]: [32mUser 6a6999a4d9622b6d72b62298 bound to socket hGnJi7wr94YEORE3AAAL[39m
[2026-07-29 12:57:06:576] [[32minfo[39m]: [32mNew WebSocket client connected: 7XVoT7neYAloi7YKAAAN[39m
[2026-07-29 12:57:06:576] [[32minfo[39m]: [32mUser 6a6999a4d9622b6d72b62298 bound to socket 7XVoT7neYAloi7YKAAAN[39m
[2026-07-29 12:57:06:576] [[32minfo[39m]: [32mUser 6a6999a4d9622b6d72b62298 disconnected from socket 7XVoT7neYAloi7YKAAAN[39m
[2026-07-29 12:57:06:576] [[32minfo[39m]: [32mNew WebSocket client connected: bALEQtP_E6Oi9SHTAAAP[39m
[2026-07-29 12:57:06:576] [[32minfo[39m]: [32mUser 6a6999a4d9622b6d72b62298 bound to socket bALEQtP_E6Oi9SHTAAAP[39m
[2026-07-29 12:57:06:576] [[32minfo[39m]: [32mUser 6a6999a4d9622b6d72b62298 disconnected from socket bALEQtP_E6Oi9SHTAAAP[39m
[2026-07-29 12:57:06:576] [[32minfo[39m]: [32mNew WebSocket client connected: rCd361GKtJWiyp5VAAAR[39m
[2026-07-29 12:57:06:576] [[32minfo[39m]: [32mUser 6a6999a4d9622b6d72b62298 bound to socket rCd361GKtJWiyp5VAAAR[39m
[2026-07-29 12:57:08:578] [[32minfo[39m]: [32mUser 6a6999a4d9622b6d72b62298 disconnected from socket rCd361GKtJWiyp5VAAAR[39m
[2026-07-29 12:57:08:578] [[32minfo[39m]: [32mNew WebSocket client connected: CQCCfLg65yuJKOQ6AAAT[39m
[2026-07-29 12:57:08:578] [[32minfo[39m]: [32mUser 6a6999a4d9622b6d72b62298 bound to socket CQCCfLg65yuJKOQ6AAAT[39m
[2026-07-29 12:57:08:578] [[32minfo[39m]: [32mUser 6a6999a4d9622b6d72b62298 disconnected from socket CQCCfLg65yuJKOQ6AAAT[39m
[2026-07-29 12:57:08:578] [[32minfo[39m]: [32mNew WebSocket client connected: RbUmp1Gh1TgSeFsuAAAV[39m
[2026-07-29 12:57:08:578] [[32minfo[39m]: [32mUser 6a6999a4d9622b6d72b62298 bound to socket RbUmp1Gh1TgSeFsuAAAV[39m
[2026-07-29 12:57:08:578] [[32minfo[39m]: [32mUser 6a6999a4d9622b6d72b62298 disconnected from socket RbUmp1Gh1TgSeFsuAAAV[39m
[2026-07-29 12:57:08:578] [[32minfo[39m]: [32mNew WebSocket client connected: 4G899p9kmwIqoLk_AAAX[39m
[2026-07-29 12:57:08:578] [[32minfo[39m]: [32mUser 6a6999a4d9622b6d72b62298 bound to socket 4G899p9kmwIqoLk_AAAX[39m
[2026-07-29 12:57:23:5723] [[32minfo[39m]: [32mUser 6a6999a4d9622b6d72b62298 disconnected from socket 4G899p9kmwIqoLk_AAAX[39m
[2026-07-29 12:57:32:5732] [[32minfo[39m]: [32mNew WebSocket client connected: 3wpah6AXCFvdcx1tAAAZ[39m
[2026-07-29 12:57:32:5732] [[32minfo[39m]: [32mUser 6a6999a4d9622b6d72b62298 bound to socket 3wpah6AXCFvdcx1tAAAZ[39m
[2026-07-29 12:57:32:5732] [[32minfo[39m]: [32mUser 6a6999a4d9622b6d72b62298 disconnected from socket 3wpah6AXCFvdcx1tAAAZ[39m
[2026-07-29 12:57:32:5732] [[32minfo[39m]: [32mNew WebSocket client connected: Kl55knz1r03JhN0hAAAb[39m
[2026-07-29 12:57:32:5732] [[32minfo[39m]: [32mUser 6a6999a4d9622b6d72b62298 bound to socket Kl55knz1r03JhN0hAAAb[39m
[2026-07-29 12:57:32:5732] [[32minfo[39m]: [32mUser 6a6999a4d9622b6d72b62298 disconnected from socket Kl55knz1r03JhN0hAAAb[39m
[2026-07-29 12:57:32:5732] [[32minfo[39m]: [32mNew WebSocket client connected: hUrD-q9LlRqtwaS5AAAd[39m
[2026-07-29 12:57:32:5732] [[32minfo[39m]: [32mUser 6a6999a4d9622b6d72b62298 bound to socket hUrD-q9LlRqtwaS5AAAd[39m
[2026-07-29 12:57:32:5732] [[32minfo[39m]: [32mUser 6a6999a4d9622b6d72b62298 disconnected from socket hUrD-q9LlRqtwaS5AAAd[39m
[2026-07-29 12:57:33:5733] [[32minfo[39m]: [32mNew WebSocket client connected: rb7y5JVBdknjJGdpAAAf[39m
[2026-07-29 12:57:33:5733] [[32minfo[39m]: [32mUser 6a6999a4d9622b6d72b62298 bound to socket rb7y5JVBdknjJGdpAAAf[39m
[2026-07-29 12:57:52:5752] [[32minfo[39m]: [32mNew WebSocket client connected: 9MqQoGQRdJUlEcftAAAh[39m
[2026-07-29 12:57:52:5752] [[32minfo[39m]: [32mUser 6a6999a4d9622b6d72b62298 bound to socket 9MqQoGQRdJUlEcftAAAh[39m
[2026-07-29 12:57:52:5752] [[32minfo[39m]: [32mUser 6a6999a4d9622b6d72b62298 disconnected from socket 9MqQoGQRdJUlEcftAAAh[39m
[2026-07-29 12:57:52:5752] [[32minfo[39m]: [32mNew WebSocket client connected: zqUkZvjlJ7QyxGZkAAAj[39m
[2026-07-29 12:57:52:5752] [[32minfo[39m]: [32mUser 6a6999a4d9622b6d72b62298 bound to socket zqUkZvjlJ7QyxGZkAAAj[39m
[2026-07-29 12:57:52:5752] [[32minfo[39m]: [32mUser 6a6999a4d9622b6d72b62298 disconnected from socket zqUkZvjlJ7QyxGZkAAAj[39m
[2026-07-29 12:57:53:5753] [[32minfo[39m]: [32mNew WebSocket client connected: lC_nXQkirWAoHDgeAAAl[39m
[2026-07-29 12:57:53:5753] [[32minfo[39m]: [32mUser 6a6999a4d9622b6d72b62298 bound to socket lC_nXQkirWAoHDgeAAAl[39m
[2026-07-29 12:58:02:582] [[32minfo[39m]: [32mNew WebSocket client connected: S2_RhkgaAIdyoizpAAAn[39m
[2026-07-29 12:58:02:582] [[32minfo[39m]: [32mNew WebSocket client connected: CmC-zIwWkHkYnzZgAAAp[39m
[2026-07-29 12:58:02:582] [[32minfo[39m]: [32mUser 6a6999a4d9622b6d72b62298 bound to socket CmC-zIwWkHkYnzZgAAAp[39m
[2026-07-29 12:58:02:582] [[32minfo[39m]: [32mUser 6a6999a4d9622b6d72b62298 disconnected from socket CmC-zIwWkHkYnzZgAAAp[39m
[2026-07-29 12:58:02:582] [[32minfo[39m]: [32mNew WebSocket client connected: _jNKYcVrL2CyD2OQAAAr[39m
[2026-07-29 12:58:02:582] [[32minfo[39m]: [32mUser 6a6999a4d9622b6d72b62298 bound to socket _jNKYcVrL2CyD2OQAAAr[39m
[2026-07-29 13:00:34:034] [[32minfo[39m]: [32mNew WebSocket client connected: 7e_JpRnjfdqvklliAAAu[39m
[2026-07-29 13:00:34:034] [[32minfo[39m]: [32mUser 6a69ac1a6d6f0b3b45e9ac9e bound to socket 7e_JpRnjfdqvklliAAAu[39m
[2026-07-29 13:00:34:034] [[32minfo[39m]: [32mUser 6a69ac1a6d6f0b3b45e9ac9e disconnected from socket 7e_JpRnjfdqvklliAAAu[39m
[2026-07-29 13:00:34:034] [[32minfo[39m]: [32mNew WebSocket client connected: fti3Z31h16zrpiHCAAAw[39m
[2026-07-29 13:00:34:034] [[32minfo[39m]: [32mUser 6a69ac1a6d6f0b3b45e9ac9e bound to socket fti3Z31h16zrpiHCAAAw[39m
[2026-07-29 13:00:34:034] [[32minfo[39m]: [32mUser 6a69ac1a6d6f0b3b45e9ac9e disconnected from socket fti3Z31h16zrpiHCAAAw[39m
[2026-07-29 13:00:34:034] [[32minfo[39m]: [32mNew WebSocket client connected: 8S2GCTtn5ndJpdveAAAy[39m
[2026-07-29 13:00:34:034] [[32minfo[39m]: [32mUser 6a69ac1a6d6f0b3b45e9ac9e bound to socket 8S2GCTtn5ndJpdveAAAy[39m
[2026-07-29 13:03:27:327] [[32minfo[39m]: [32mUser 6a69ac1a6d6f0b3b45e9ac9e disconnected from socket 8S2GCTtn5ndJpdveAAAy[39m
[2026-07-29 13:03:27:327] [[32minfo[39m]: [32mNew WebSocket client connected: k2km144vcELVFR5eAAA0[39m
[2026-07-29 13:03:27:327] [[32minfo[39m]: [32mUser 6a69ac1a6d6f0b3b45e9ac9e bound to socket k2km144vcELVFR5eAAA0[39m
[2026-07-29 13:08:23:823] [[32minfo[39m]: [32mCloudinary integration enabled.[39m
[2026-07-29 13:08:23:823] [[32minfo[39m]: [32mServer is running in development mode on port 5000[39m
[2026-07-29 13:08:24:824] [[32minfo[39m]: [32mNew WebSocket client connected: 0AEA5xlX0MO1F7lnAAAB[39m
[2026-07-29 13:08:24:824] [[32minfo[39m]: [32mUser 6a6999a4d9622b6d72b62298 bound to socket 0AEA5xlX0MO1F7lnAAAB[39m
[2026-07-29 13:08:24:824] [[32minfo[39m]: [32mNew WebSocket client connected: wrm6kjppjwlBg1GdAAAD[39m
[2026-07-29 13:08:24:824] [[32minfo[39m]: [32mUser 6a6999a4d9622b6d72b62298 bound to socket wrm6kjppjwlBg1GdAAAD[39m
[2026-07-29 13:08:24:824] [[32minfo[39m]: [32mNew WebSocket client connected: h9MVgyETBkWZXWiEAAAF[39m
[2026-07-29 13:08:24:824] [[32minfo[39m]: [32mUser 6a69ac1a6d6f0b3b45e9ac9e bound to socket h9MVgyETBkWZXWiEAAAF[39m
[2026-07-29 13:08:24:824] [[32minfo[39m]: [32mSuccessfully connected to MongoDB database.[39m
[2026-07-29 13:09:34:934] [[32minfo[39m]: [32mCloudinary integration enabled.[39m
[2026-07-29 13:09:34:934] [[32minfo[39m]: [32mServer is running in development mode on port 5000[39m
[2026-07-29 13:09:34:934] [[32minfo[39m]: [32mSuccessfully connected to MongoDB database.[39m
[2026-07-29 13:09:34:934] [[32minfo[39m]: [32mNew WebSocket client connected: nkh4mmsU_-VBIiw4AAAC[39m
[2026-07-29 13:09:34:934] [[32minfo[39m]: [32mNew WebSocket client connected: x6svd_gt6yWfQjcYAAAD[39m
[2026-07-29 13:09:34:934] [[32minfo[39m]: [32mUser 6a69ac1a6d6f0b3b45e9ac9e bound to socket nkh4mmsU_-VBIiw4AAAC[39m
[2026-07-29 13:09:34:934] [[32minfo[39m]: [32mUser 6a6999a4d9622b6d72b62298 bound to socket x6svd_gt6yWfQjcYAAAD[39m
[2026-07-29 13:09:35:935] [[32minfo[39m]: [32mNew WebSocket client connected: -flVvirYb1sMsMPwAAAF[39m
[2026-07-29 13:09:35:935] [[32minfo[39m]: [32mUser 6a6999a4d9622b6d72b62298 bound to socket -flVvirYb1sMsMPwAAAF[39m
[2026-07-29 13:09:51:951] [[32minfo[39m]: [32mCloudinary integration enabled.[39m
[2026-07-29 13:09:51:951] [[32minfo[39m]: [32mServer is running in development mode on port 5000[39m
[2026-07-29 13:09:51:951] [[32minfo[39m]: [32mNew WebSocket client connected: kkFJl036zkHI2Fo_AAAB[39m
[2026-07-29 13:09:52:952] [[32minfo[39m]: [32mUser 6a6999a4d9622b6d72b62298 bound to socket kkFJl036zkHI2Fo_AAAB[39m
[2026-07-29 13:09:52:952] [[32minfo[39m]: [32mNew WebSocket client connected: e9H2EM6CYa0uxuj9AAAE[39m
[2026-07-29 13:09:52:952] [[32minfo[39m]: [32mUser 6a69ac1a6d6f0b3b45e9ac9e bound to socket e9H2EM6CYa0uxuj9AAAE[39m
[2026-07-29 13:09:52:952] [[32minfo[39m]: [32mNew WebSocket client connected: kdaJm8W_b2nyNd80AAAF[39m
[2026-07-29 13:09:52:952] [[32minfo[39m]: [32mUser 6a6999a4d9622b6d72b62298 bound to socket kdaJm8W_b2nyNd80AAAF[39m
[2026-07-29 13:09:52:952] [[32minfo[39m]: [32mSuccessfully connected to MongoDB database.[39m
[2026-07-29 13:09:56:956] [[32minfo[39m]: [32mCloudinary integration enabled.[39m
[2026-07-29 13:09:56:956] [[32minfo[39m]: [32mServer is running in development mode on port 5000[39m
[2026-07-29 13:09:56:956] [[32minfo[39m]: [32mSuccessfully connected to MongoDB database.[39m
[2026-07-29 13:09:57:957] [[32minfo[39m]: [32mNew WebSocket client connected: LUAIAxhzzIkN324gAAAC[39m
[2026-07-29 13:09:57:957] [[32minfo[39m]: [32mNew WebSocket client connected: p99_wCz1FfcD_lhwAAAD[39m
[2026-07-29 13:09:57:957] [[32minfo[39m]: [32mUser 6a6999a4d9622b6d72b62298 bound to socket LUAIAxhzzIkN324gAAAC[39m
[2026-07-29 13:09:57:957] [[32minfo[39m]: [32mUser 6a69ac1a6d6f0b3b45e9ac9e bound to socket p99_wCz1FfcD_lhwAAAD[39m
[2026-07-29 13:09:57:957] [[32minfo[39m]: [32mNew WebSocket client connected: p0Rwn190Z6R2ZqhlAAAF[39m
[2026-07-29 13:09:57:957] [[32minfo[39m]: [32mUser 6a6999a4d9622b6d72b62298 bound to socket p0Rwn190Z6R2ZqhlAAAF[39m
[2026-07-29 13:10:27:1027] [[32minfo[39m]: [32mCloudinary integration enabled.[39m
[2026-07-29 13:10:27:1027] [[32minfo[39m]: [32mServer is running in development mode on port 5000[39m
[2026-07-29 13:10:27:1027] [[32minfo[39m]: [32mNew WebSocket client connected: Qfdh3TA4ELjzi-vTAAAB[39m
[2026-07-29 13:10:27:1027] [[32minfo[39m]: [32mUser 6a6999a4d9622b6d72b62298 bound to socket Qfdh3TA4ELjzi-vTAAAB[39m
[2026-07-29 13:10:28:1028] [[32minfo[39m]: [32mSuccessfully connected to MongoDB database.[39m
[2026-07-29 13:10:28:1028] [[32minfo[39m]: [32mNew WebSocket client connected: yNv-F9oXpc4zVSKHAAAE[39m
[2026-07-29 13:10:28:1028] [[32minfo[39m]: [32mUser 6a69ac1a6d6f0b3b45e9ac9e bound to socket yNv-F9oXpc4zVSKHAAAE[39m
[2026-07-29 13:10:28:1028] [[32minfo[39m]: [32mNew WebSocket client connected: MJIapvVKxGqDlC7rAAAF[39m
[2026-07-29 13:10:28:1028] [[32minfo[39m]: [32mUser 6a6999a4d9622b6d72b62298 bound to socket MJIapvVKxGqDlC7rAAAF[39m
[2026-07-29 13:10:36:1036] [[32minfo[39m]: [32mCloudinary integration enabled.[39m
[2026-07-29 13:10:36:1036] [[32minfo[39m]: [32mServer is running in development mode on port 5000[39m
[2026-07-29 13:10:36:1036] [[32minfo[39m]: [32mSuccessfully connected to MongoDB database.[39m
[2026-07-29 13:10:36:1036] [[32minfo[39m]: [32mNew WebSocket client connected: g-zkEUzOHKUa0jd1AAAC[39m
[2026-07-29 13:10:36:1036] [[32minfo[39m]: [32mNew WebSocket client connected: PGDMZxGFXHN41Q_oAAAD[39m
[2026-07-29 13:10:36:1036] [[32minfo[39m]: [32mUser 6a6999a4d9622b6d72b62298 bound to socket g-zkEUzOHKUa0jd1AAAC[39m
[2026-07-29 13:10:36:1036] [[32minfo[39m]: [32mUser 6a69ac1a6d6f0b3b45e9ac9e bound to socket PGDMZxGFXHN41Q_oAAAD[39m
[2026-07-29 13:10:37:1037] [[32minfo[39m]: [32mNew WebSocket client connected: 6efKsu9nNJlsfxpUAAAF[39m
[2026-07-29 13:10:37:1037] [[32minfo[39m]: [32mUser 6a6999a4d9622b6d72b62298 bound to socket 6efKsu9nNJlsfxpUAAAF[39m
[2026-07-29 13:10:41:1041] [[32minfo[39m]: [32mCloudinary integration enabled.[39m
[2026-07-29 13:10:41:1041] [[32minfo[39m]: [32mServer is running in development mode on port 5000[39m
[2026-07-29 13:10:41:1041] [[32minfo[39m]: [32mNew WebSocket client connected: pSQkLg4_QEHVmRmnAAAC[39m
[2026-07-29 13:10:41:1041] [[32minfo[39m]: [32mNew WebSocket client connected: jTxs6aBQXQQIEsc2AAAD[39m
[2026-07-29 13:10:42:1042] [[32minfo[39m]: [32mUser 6a69ac1a6d6f0b3b45e9ac9e bound to socket pSQkLg4_QEHVmRmnAAAC[39m
[2026-07-29 13:10:42:1042] [[32minfo[39m]: [32mUser 6a6999a4d9622b6d72b62298 bound to socket jTxs6aBQXQQIEsc2AAAD[39m
[2026-07-29 13:10:42:1042] [[32minfo[39m]: [32mSuccessfully connected to MongoDB database.[39m
[2026-07-29 13:10:42:1042] [[32minfo[39m]: [32mNew WebSocket client connected: UbFW2tqYbxQsCb7hAAAF[39m
[2026-07-29 13:10:42:1042] [[32minfo[39m]: [32mUser 6a6999a4d9622b6d72b62298 bound to socket UbFW2tqYbxQsCb7hAAAF[39m
[2026-07-29 13:11:07:117] [[32minfo[39m]: [32mCloudinary integration enabled.[39m
[2026-07-29 13:11:07:117] [[32minfo[39m]: [32mServer is running in development mode on port 5000[39m
[2026-07-29 13:11:07:117] [[32minfo[39m]: [32mNew WebSocket client connected: OddZJzeRvYy8c-exAAAB[39m
[2026-07-29 13:11:07:117] [[32minfo[39m]: [32mUser 6a69ac1a6d6f0b3b45e9ac9e bound to socket OddZJzeRvYy8c-exAAAB[39m
[2026-07-29 13:11:07:117] [[32minfo[39m]: [32mNew WebSocket client connected: HnS-cn0ESVp5N0yPAAAD[39m
[2026-07-29 13:11:07:117] [[32minfo[39m]: [32mUser 6a6999a4d9622b6d72b62298 bound to socket HnS-cn0ESVp5N0yPAAAD[39m
[2026-07-29 13:11:08:118] [[32minfo[39m]: [32mNew WebSocket client connected: buJjdIN3nbQbD-ZIAAAF[39m
[2026-07-29 13:11:08:118] [[32minfo[39m]: [32mUser 6a6999a4d9622b6d72b62298 bound to socket buJjdIN3nbQbD-ZIAAAF[39m
[2026-07-29 13:11:08:118] [[32minfo[39m]: [32mSuccessfully connected to MongoDB database.[39m
[2026-07-29 13:11:11:1111] [[32minfo[39m]: [32mCloudinary integration enabled.[39m
[2026-07-29 13:11:12:1112] [[32minfo[39m]: [32mServer is running in development mode on port 5000[39m
[2026-07-29 13:11:12:1112] [[32minfo[39m]: [32mNew WebSocket client connected: FKj435bjoDWQo6RlAAAB[39m
[2026-07-29 13:11:12:1112] [[32minfo[39m]: [32mUser 6a6999a4d9622b6d72b62298 bound to socket FKj435bjoDWQo6RlAAAB[39m
[2026-07-29 13:11:12:1112] [[32minfo[39m]: [32mNew WebSocket client connected: WGmf3L1ifpc61y_UAAAD[39m
[2026-07-29 13:11:12:1112] [[32minfo[39m]: [32mUser 6a69ac1a6d6f0b3b45e9ac9e bound to socket WGmf3L1ifpc61y_UAAAD[39m
[2026-07-29 13:11:12:1112] [[32minfo[39m]: [32mSuccessfully connected to MongoDB database.[39m
[2026-07-29 13:11:13:1113] [[32minfo[39m]: [32mNew WebSocket client connected: Jq3dDT85ymY17d8bAAAF[39m
[2026-07-29 13:11:13:1113] [[32minfo[39m]: [32mUser 6a6999a4d9622b6d72b62298 bound to socket Jq3dDT85ymY17d8bAAAF[39m
[2026-07-29 13:11:23:1123] [[32minfo[39m]: [32mAdmin Query Executed[39m
[2026-07-29 13:11:23:1123] [[32minfo[39m]: [32mPending Applications Found: 0[39m
[2026-07-29 13:11:31:1131] [[32minfo[39m]: [32mAdmin Query Executed[39m
[2026-07-29 13:11:31:1131] [[32minfo[39m]: [32mPending Applications Found: 0[39m
[2026-07-29 13:12:19:1219] [[32minfo[39m]: [32mCloudinary integration enabled.[39m
[2026-07-29 13:12:19:1219] [[32minfo[39m]: [32mServer is running in development mode on port 5000[39m
[2026-07-29 13:12:19:1219] [[32minfo[39m]: [32mSuccessfully connected to MongoDB database.[39m
[2026-07-29 13:12:19:1219] [[32minfo[39m]: [32mNew WebSocket client connected: QuiM2RXrre_qC-9kAAAC[39m
[2026-07-29 13:12:19:1219] [[32minfo[39m]: [32mNew WebSocket client connected: CCmPNcFHT0Ma_mXtAAAD[39m
[2026-07-29 13:12:19:1219] [[32minfo[39m]: [32mUser 6a6999a4d9622b6d72b62298 bound to socket QuiM2RXrre_qC-9kAAAC[39m
[2026-07-29 13:12:19:1219] [[32minfo[39m]: [32mUser 6a69ac1a6d6f0b3b45e9ac9e bound to socket CCmPNcFHT0Ma_mXtAAAD[39m
[2026-07-29 13:12:19:1219] [[32minfo[39m]: [32mNew WebSocket client connected: dxVwMATPWwIEZhoyAAAF[39m
[2026-07-29 13:12:20:1220] [[32minfo[39m]: [32mUser 6a6999a4d9622b6d72b62298 bound to socket dxVwMATPWwIEZhoyAAAF[39m
[2026-07-29 13:13:44:1344] [[32minfo[39m]: [32mCloudinary integration enabled.[39m
[2026-07-29 13:13:44:1344] [[32minfo[39m]: [32mServer is running in development mode on port 5000[39m
[2026-07-29 13:13:44:1344] [[32minfo[39m]: [32mNew WebSocket client connected: iin4FlFkYL1Rq9pCAAAB[39m
[2026-07-29 13:13:44:1344] [[32minfo[39m]: [32mUser 6a69ac1a6d6f0b3b45e9ac9e bound to socket iin4FlFkYL1Rq9pCAAAB[39m
[2026-07-29 13:13:45:1345] [[32minfo[39m]: [32mSuccessfully connected to MongoDB database.[39m
[2026-07-29 13:13:45:1345] [[32minfo[39m]: [32mNew WebSocket client connected: 6QMQG_Tb_6pB9-BSAAAD[39m
[2026-07-29 13:13:45:1345] [[32minfo[39m]: [32mUser 6a6999a4d9622b6d72b62298 bound to socket 6QMQG_Tb_6pB9-BSAAAD[39m
[2026-07-29 13:14:28:1428] [[32minfo[39m]: [32mUser 6a6999a4d9622b6d72b62298 disconnected from socket 6QMQG_Tb_6pB9-BSAAAD[39m
[2026-07-29 13:14:45:1445] [[32minfo[39m]: [32mNew WebSocket client connected: 4IwzUKo8NdTZH2jBAAAF[39m
[2026-07-29 13:14:45:1445] [[32minfo[39m]: [32mUser 6a6999a4d9622b6d72b62298 bound to socket 4IwzUKo8NdTZH2jBAAAF[39m
[2026-07-29 13:14:48:1448] [[32minfo[39m]: [32mAdmin Query Executed[39m
[2026-07-29 13:14:48:1448] [[32minfo[39m]: [32mPending Applications Found: 0[39m
[2026-07-29 13:14:48:1448] [[32minfo[39m]: [32mAdmin Query Executed[39m
[2026-07-29 13:14:48:1448] [[32minfo[39m]: [32mPending Applications Found: 0[39m
[2026-07-29 13:16:09:169] [[32minfo[39m]: [32mAdmin Query Executed[39m
[2026-07-29 13:16:09:169] [[32minfo[39m]: [32mPending Applications Found: 0[39m
[2026-07-29 13:16:10:1610] [[32minfo[39m]: [32mAdmin Query Executed[39m
[2026-07-29 13:16:10:1610] [[32minfo[39m]: [32mPending Applications Found: 0[39m
[2026-07-29 13:16:10:1610] [[32minfo[39m]: [32mAdmin Query Executed[39m
[2026-07-29 13:16:10:1610] [[32minfo[39m]: [32mPending Applications Found: 0[39m
[2026-07-29 13:16:10:1610] [[32minfo[39m]: [32mAdmin Query Executed[39m
[2026-07-29 13:16:10:1610] [[32minfo[39m]: [32mPending Applications Found: 0[39m
[2026-07-29 13:16:11:1611] [[32minfo[39m]: [32mAdmin Query Executed[39m
[2026-07-29 13:16:11:1611] [[32minfo[39m]: [32mPending Applications Found: 0[39m
[2026-07-29 13:16:11:1611] [[32minfo[39m]: [32mAdmin Query Executed[39m
[2026-07-29 13:16:11:1611] [[32minfo[39m]: [32mPending Applications Found: 0[39m
[2026-07-29 13:16:18:1618] [[32minfo[39m]: [32mAdmin Query Executed[39m
[2026-07-29 13:16:18:1618] [[32minfo[39m]: [32mPending Applications Found: 0[39m
[2026-07-29 13:16:18:1618] [[32minfo[39m]: [32mAdmin Query Executed[39m
[2026-07-29 13:16:18:1618] [[32minfo[39m]: [32mPending Applications Found: 0[39m
[2026-07-29 13:16:19:1619] [[32minfo[39m]: [32mAdmin Query Executed[39m
[2026-07-29 13:16:19:1619] [[32minfo[39m]: [32mPending Applications Found: 0[39m
[2026-07-29 13:16:19:1619] [[32minfo[39m]: [32mAdmin Query Executed[39m
[2026-07-29 13:16:19:1619] [[32minfo[39m]: [32mPending Applications Found: 0[39m
[2026-07-29 13:16:26:1626] [[32minfo[39m]: [32mUser 6a69ac1a6d6f0b3b45e9ac9e disconnected from socket iin4FlFkYL1Rq9pCAAAB[39m
[2026-07-29 13:16:30:1630] [[32minfo[39m]: [32mNew WebSocket client connected: rrhe_FiXxRK-Iu-OAAAH[39m
[2026-07-29 13:16:30:1630] [[32minfo[39m]: [32mUser 6a69ac1a6d6f0b3b45e9ac9e bound to socket rrhe_FiXxRK-Iu-OAAAH[39m
[2026-07-29 13:16:30:1630] [[32minfo[39m]: [32mUser 6a69ac1a6d6f0b3b45e9ac9e disconnected from socket rrhe_FiXxRK-Iu-OAAAH[39m
[2026-07-29 13:16:30:1630] [[32minfo[39m]: [32mNew WebSocket client connected: MZzSLUB2SabsvKFIAAAJ[39m
[2026-07-29 13:16:30:1630] [[32minfo[39m]: [32mUser 6a69ac1a6d6f0b3b45e9ac9e bound to socket MZzSLUB2SabsvKFIAAAJ[39m
[2026-07-29 13:16:30:1630] [[32minfo[39m]: [32mUser 6a69ac1a6d6f0b3b45e9ac9e disconnected from socket MZzSLUB2SabsvKFIAAAJ[39m
[2026-07-29 13:16:30:1630] [[32minfo[39m]: [32mNew WebSocket client connected: OSbKLrSod2VYPl-LAAAL[39m
[2026-07-29 13:16:30:1630] [[32minfo[39m]: [32mUser 6a69ac1a6d6f0b3b45e9ac9e bound to socket OSbKLrSod2VYPl-LAAAL[39m
[2026-07-29 13:16:31:1631] [[32minfo[39m]: [32mUser 6a69ac1a6d6f0b3b45e9ac9e disconnected from socket OSbKLrSod2VYPl-LAAAL[39m
[2026-07-29 13:16:31:1631] [[32minfo[39m]: [32mNew WebSocket client connected: l9D4N9OrOGDJ3Mz5AAAN[39m
[2026-07-29 13:16:31:1631] [[32minfo[39m]: [32mUser 6a69ac1a6d6f0b3b45e9ac9e bound to socket l9D4N9OrOGDJ3Mz5AAAN[39m
[2026-07-29 13:17:48:1748] [[32minfo[39m]: [32mDriver Registration Started for user: 6a69ac1a6d6f0b3b45e9ac9e[39m
[2026-07-29 13:17:54:1754] [[32minfo[39m]: [32mDocuments Uploaded[39m
[2026-07-29 13:17:57:1757] [[32minfo[39m]: [32mProfile photo updated for user: 6a69ac1a6d6f0b3b45e9ac9e[39m
[2026-07-29 13:17:57:1757] [[32minfo[39m]: [32mDriver Saved in MongoDB for user: 6a69ac1a6d6f0b3b45e9ac9e[39m
[2026-07-29 13:17:57:1757] [[32minfo[39m]: [32mApplication Created for user: 6a69ac1a6d6f0b3b45e9ac9e[39m
[2026-07-29 13:17:58:1758] [[32minfo[39m]: [32mUser 6a69ac1a6d6f0b3b45e9ac9e disconnected from socket l9D4N9OrOGDJ3Mz5AAAN[39m
[2026-07-29 13:17:58:1758] [[32minfo[39m]: [32mNew WebSocket client connected: Q8Gca4JBLq18oQOPAAAP[39m
[2026-07-29 13:17:58:1758] [[32minfo[39m]: [32mUser 6a69ac1a6d6f0b3b45e9ac9e bound to socket Q8Gca4JBLq18oQOPAAAP[39m
[2026-07-29 13:17:58:1758] [[32minfo[39m]: [32mUser 6a69ac1a6d6f0b3b45e9ac9e disconnected from socket Q8Gca4JBLq18oQOPAAAP[39m
[2026-07-29 13:17:58:1758] [[32minfo[39m]: [32mNew WebSocket client connected: 9cKOBOhtGfwoGSRSAAAR[39m
[2026-07-29 13:17:58:1758] [[32minfo[39m]: [32mUser 6a69ac1a6d6f0b3b45e9ac9e bound to socket 9cKOBOhtGfwoGSRSAAAR[39m
[2026-07-29 13:17:58:1758] [[32minfo[39m]: [32mUser 6a69ac1a6d6f0b3b45e9ac9e disconnected from socket 9cKOBOhtGfwoGSRSAAAR[39m
[2026-07-29 13:17:58:1758] [[32minfo[39m]: [32mNew WebSocket client connected: 62ZJ9BINNfto99qJAAAT[39m
[2026-07-29 13:17:58:1758] [[32minfo[39m]: [32mUser 6a69ac1a6d6f0b3b45e9ac9e bound to socket 62ZJ9BINNfto99qJAAAT[39m
[2026-07-29 13:18:04:184] [[32minfo[39m]: [32mAdmin Query Executed[39m
[2026-07-29 13:18:04:184] [[32minfo[39m]: [32mPending Applications Found: 1[39m
[2026-07-29 13:18:05:185] [[32minfo[39m]: [32mAdmin Query Executed[39m
[2026-07-29 13:18:05:185] [[32minfo[39m]: [32mPending Applications Found: 1[39m
[2026-07-29 13:18:05:185] [[32minfo[39m]: [32mAdmin Query Executed[39m
[2026-07-29 13:18:05:185] [[32minfo[39m]: [32mPending Applications Found: 1[39m
[2026-07-29 13:18:06:186] [[32minfo[39m]: [32mAdmin Query Executed[39m
[2026-07-29 13:18:06:186] [[32minfo[39m]: [32mPending Applications Found: 1[39m
[2026-07-29 13:18:07:187] [[32minfo[39m]: [32mAdmin Query Executed[39m
[2026-07-29 13:18:07:187] [[32minfo[39m]: [32mPending Applications Found: 1[39m
[2026-07-29 13:18:07:187] [[32minfo[39m]: [32mAdmin Query Executed[39m
[2026-07-29 13:18:07:187] [[32minfo[39m]: [32mPending Applications Found: 1[39m
[2026-07-29 13:18:08:188] [[32minfo[39m]: [32mAdmin Query Executed[39m
[2026-07-29 13:18:08:188] [[32minfo[39m]: [32mPending Applications Found: 1[39m
[2026-07-29 13:18:08:188] [[32minfo[39m]: [32mAdmin Query Executed[39m
[2026-07-29 13:18:08:188] [[32minfo[39m]: [32mPending Applications Found: 1[39m
[2026-07-29 13:18:28:1828] [[32minfo[39m]: [32mDriver Approved[39m
[2026-07-29 13:18:36:1836] [[32minfo[39m]: [32mUser 6a69ac1a6d6f0b3b45e9ac9e disconnected from socket 62ZJ9BINNfto99qJAAAT[39m
[2026-07-29 13:18:36:1836] [[32minfo[39m]: [32mNew WebSocket client connected: UdAbxYm6K-m-wyljAAAV[39m
[2026-07-29 13:18:36:1836] [[32minfo[39m]: [32mUser 6a69ac1a6d6f0b3b45e9ac9e bound to socket UdAbxYm6K-m-wyljAAAV[39m
[2026-07-29 13:18:37:1837] [[32minfo[39m]: [32mUser 6a69ac1a6d6f0b3b45e9ac9e disconnected from socket UdAbxYm6K-m-wyljAAAV[39m
[2026-07-29 13:18:37:1837] [[32minfo[39m]: [32mNew WebSocket client connected: RDVNI4tA0ArkOpQGAAAX[39m
[2026-07-29 13:18:37:1837] [[32minfo[39m]: [32mUser 6a69ac1a6d6f0b3b45e9ac9e bound to socket RDVNI4tA0ArkOpQGAAAX[39m
[2026-07-29 13:18:37:1837] [[32minfo[39m]: [32mUser 6a69ac1a6d6f0b3b45e9ac9e disconnected from socket RDVNI4tA0ArkOpQGAAAX[39m
[2026-07-29 13:18:37:1837] [[32minfo[39m]: [32mNew WebSocket client connected: 8NXal4qk9-BcUOT5AAAZ[39m
[2026-07-29 13:18:37:1837] [[32minfo[39m]: [32mUser 6a69ac1a6d6f0b3b45e9ac9e bound to socket 8NXal4qk9-BcUOT5AAAZ[39m
[2026-07-29 13:18:44:1844] [[32minfo[39m]: [32mDriver Approval email sent successfully to: sudheer.23mic7115@vitapstudent.ac.in[39m
[2026-07-29 13:19:11:1911] [[32minfo[39m]: [32mUser 6a69ac1a6d6f0b3b45e9ac9e disconnected from socket 8NXal4qk9-BcUOT5AAAZ[39m
[2026-07-29 13:19:17:1917] [[32minfo[39m]: [32mNew WebSocket client connected: 0jkA_qEFOCcYyqqwAAAb[39m
[2026-07-29 13:19:17:1917] [[32minfo[39m]: [32mUser 6a69ac1a6d6f0b3b45e9ac9e bound to socket 0jkA_qEFOCcYyqqwAAAb[39m
[2026-07-29 13:19:17:1917] [[32minfo[39m]: [32mUser 6a69ac1a6d6f0b3b45e9ac9e disconnected from socket 0jkA_qEFOCcYyqqwAAAb[39m
[2026-07-29 13:19:18:1918] [[32minfo[39m]: [32mNew WebSocket client connected: 6zwwcx45S_oHHNEyAAAd[39m
[2026-07-29 13:19:18:1918] [[32minfo[39m]: [32mUser 6a69ac1a6d6f0b3b45e9ac9e bound to socket 6zwwcx45S_oHHNEyAAAd[39m
[2026-07-29 13:19:18:1918] [[32minfo[39m]: [32mUser 6a69ac1a6d6f0b3b45e9ac9e disconnected from socket 6zwwcx45S_oHHNEyAAAd[39m
[2026-07-29 13:19:18:1918] [[32minfo[39m]: [32mNew WebSocket client connected: pvZ7-0G7wMBbUnf2AAAf[39m
[2026-07-29 13:19:18:1918] [[32minfo[39m]: [32mUser 6a69ac1a6d6f0b3b45e9ac9e bound to socket pvZ7-0G7wMBbUnf2AAAf[39m
[2026-07-29 13:19:18:1918] [[32minfo[39m]: [32mUser 6a69ac1a6d6f0b3b45e9ac9e disconnected from socket pvZ7-0G7wMBbUnf2AAAf[39m
[2026-07-29 13:19:18:1918] [[32minfo[39m]: [32mNew WebSocket client connected: ZGNsxntwoqmnetgaAAAh[39m
[2026-07-29 13:19:18:1918] [[32minfo[39m]: [32mUser 6a69ac1a6d6f0b3b45e9ac9e bound to socket ZGNsxntwoqmnetgaAAAh[39m
[2026-07-29 13:22:44:2244] [[32minfo[39m]: [32mUser 6a69ac1a6d6f0b3b45e9ac9e disconnected from socket ZGNsxntwoqmnetgaAAAh[39m
[2026-07-29 13:22:57:2257] [[32minfo[39m]: [32mNew WebSocket client connected: WxwSKH547nFyIOzZAAAj[39m
[2026-07-29 13:22:57:2257] [[32minfo[39m]: [32mUser 6a69b1594a095652eff2624b bound to socket WxwSKH547nFyIOzZAAAj[39m
[2026-07-29 13:22:57:2257] [[32minfo[39m]: [32mUser 6a69b1594a095652eff2624b disconnected from socket WxwSKH547nFyIOzZAAAj[39m
[2026-07-29 13:22:57:2257] [[32minfo[39m]: [32mNew WebSocket client connected: qFAzL5AVp4cIGkAhAAAl[39m
[2026-07-29 13:22:57:2257] [[32minfo[39m]: [32mUser 6a69b1594a095652eff2624b bound to socket qFAzL5AVp4cIGkAhAAAl[39m
[2026-07-29 13:22:57:2257] [[32minfo[39m]: [32mUser 6a69b1594a095652eff2624b disconnected from socket qFAzL5AVp4cIGkAhAAAl[39m
[2026-07-29 13:22:57:2257] [[32minfo[39m]: [32mNew WebSocket client connected: 9A2z9_dqS8AIYF1fAAAn[39m
[2026-07-29 13:22:57:2257] [[32minfo[39m]: [32mUser 6a69b1594a095652eff2624b bound to socket 9A2z9_dqS8AIYF1fAAAn[39m
[2026-07-29 13:22:57:2257] [[32minfo[39m]: [32mUser 6a69b1594a095652eff2624b disconnected from socket 9A2z9_dqS8AIYF1fAAAn[39m
[2026-07-29 13:22:57:2257] [[32minfo[39m]: [32mNew WebSocket client connected: Sr8SE9ySrpOoAB5PAAAp[39m
[2026-07-29 13:22:57:2257] [[32minfo[39m]: [32mUser 6a69b1594a095652eff2624b bound to socket Sr8SE9ySrpOoAB5PAAAp[39m
[2026-07-29 13:24:22:2422] [[32minfo[39m]: [32mDriver Registration Started for user: 6a69b1594a095652eff2624b[39m
[2026-07-29 13:24:29:2429] [[32minfo[39m]: [32mAdmin Query Executed[39m
[2026-07-29 13:24:29:2429] [[32minfo[39m]: [32mPending Applications Found: 0[39m
[2026-07-29 13:24:29:2429] [[32minfo[39m]: [32mAdmin Query Executed[39m
[2026-07-29 13:24:29:2429] [[32minfo[39m]: [32mPending Applications Found: 0[39m
[2026-07-29 13:24:32:2432] [[32minfo[39m]: [32mDocuments Uploaded[39m
[2026-07-29 13:24:36:2436] [[32minfo[39m]: [32mProfile photo updated for user: 6a69b1594a095652eff2624b[39m
[2026-07-29 13:24:36:2436] [[32minfo[39m]: [32mDriver Saved in MongoDB for user: 6a69b1594a095652eff2624b[39m
[2026-07-29 13:24:36:2436] [[32minfo[39m]: [32mApplication Created for user: 6a69b1594a095652eff2624b[39m
[2026-07-29 13:24:36:2436] [[32minfo[39m]: [32mUser 6a69b1594a095652eff2624b disconnected from socket Sr8SE9ySrpOoAB5PAAAp[39m
[2026-07-29 13:24:36:2436] [[32minfo[39m]: [32mNew WebSocket client connected: Oi2R0GR5ryJLo-sXAAAr[39m
[2026-07-29 13:24:36:2436] [[32minfo[39m]: [32mUser 6a69b1594a095652eff2624b bound to socket Oi2R0GR5ryJLo-sXAAAr[39m
[2026-07-29 13:24:36:2436] [[32minfo[39m]: [32mUser 6a69b1594a095652eff2624b disconnected from socket Oi2R0GR5ryJLo-sXAAAr[39m
[2026-07-29 13:24:36:2436] [[32minfo[39m]: [32mNew WebSocket client connected: Z-F3zhXVueZHL85HAAAt[39m
[2026-07-29 13:24:36:2436] [[32minfo[39m]: [32mUser 6a69b1594a095652eff2624b bound to socket Z-F3zhXVueZHL85HAAAt[39m
[2026-07-29 13:24:36:2436] [[32minfo[39m]: [32mUser 6a69b1594a095652eff2624b disconnected from socket Z-F3zhXVueZHL85HAAAt[39m
[2026-07-29 13:24:36:2436] [[32minfo[39m]: [32mNew WebSocket client connected: o3c__l5BIEcjdFrvAAAv[39m
[2026-07-29 13:24:36:2436] [[32minfo[39m]: [32mUser 6a69b1594a095652eff2624b bound to socket o3c__l5BIEcjdFrvAAAv[39m
[2026-07-29 13:24:39:2439] [[32minfo[39m]: [32mAdmin Query Executed[39m
[2026-07-29 13:24:39:2439] [[32minfo[39m]: [32mPending Applications Found: 2[39m
[2026-07-29 13:24:39:2439] [[32minfo[39m]: [32mAdmin Query Executed[39m
[2026-07-29 13:24:39:2439] [[32minfo[39m]: [32mPending Applications Found: 2[39m
[2026-07-29 13:24:58:2458] [[32minfo[39m]: [32mDriver Approved[39m
[2026-07-29 13:24:59:2459] [[32minfo[39m]: [32mDriver Approval email sent successfully to: sudheer.23mic7115@vitapstudent.ac.in[39m
[2026-07-29 13:25:02:252] [[32minfo[39m]: [32mUser 6a69b1594a095652eff2624b disconnected from socket o3c__l5BIEcjdFrvAAAv[39m
[2026-07-29 13:25:02:252] [[32minfo[39m]: [32mNew WebSocket client connected: 7kUTfBuaqa95mxGfAAAx[39m
[2026-07-29 13:25:02:252] [[32minfo[39m]: [32mUser 6a69b1594a095652eff2624b bound to socket 7kUTfBuaqa95mxGfAAAx[39m
[2026-07-29 13:25:02:252] [[32minfo[39m]: [32mUser 6a69b1594a095652eff2624b disconnected from socket 7kUTfBuaqa95mxGfAAAx[39m
[2026-07-29 13:25:02:252] [[32minfo[39m]: [32mNew WebSocket client connected: _6W08YJkP9GJ16mAAAAz[39m
[2026-07-29 13:25:02:252] [[32minfo[39m]: [32mUser 6a69b1594a095652eff2624b bound to socket _6W08YJkP9GJ16mAAAAz[39m
[2026-07-29 13:25:02:252] [[32minfo[39m]: [32mUser 6a69b1594a095652eff2624b disconnected from socket _6W08YJkP9GJ16mAAAAz[39m
[2026-07-29 13:25:02:252] [[32minfo[39m]: [32mNew WebSocket client connected: HGtLYBHXPWmJLq8mAAA1[39m
[2026-07-29 13:25:02:252] [[32minfo[39m]: [32mUser 6a69b1594a095652eff2624b bound to socket HGtLYBHXPWmJLq8mAAA1[39m
[2026-07-29 13:26:08:268] [[32minfo[39m]: [32mDriver Rejected[39m
[2026-07-29 13:26:09:269] [[32minfo[39m]: [32mDriver status notification email sent successfully to: sudheer.23mic7115@vitapstudent.ac.in[39m
[2026-07-29 13:26:16:2616] [[32minfo[39m]: [32mAdmin Query Executed[39m
[2026-07-29 13:26:16:2616] [[32minfo[39m]: [32mPending Applications Found: 2[39m
[2026-07-29 13:26:16:2616] [[32minfo[39m]: [32mAdmin Query Executed[39m
[2026-07-29 13:26:16:2616] [[32minfo[39m]: [32mPending Applications Found: 2[39m
[2026-07-29 13:26:19:2619] [[32minfo[39m]: [32mAdmin Query Executed[39m
[2026-07-29 13:26:19:2619] [[32minfo[39m]: [32mPending Applications Found: 0[39m
[2026-07-29 13:26:20:2620] [[32minfo[39m]: [32mAdmin Query Executed[39m
[2026-07-29 13:26:20:2620] [[32minfo[39m]: [32mPending Applications Found: 0[39m
[2026-07-29 13:26:21:2621] [[32minfo[39m]: [32mAdmin Query Executed[39m
[2026-07-29 13:26:21:2621] [[32minfo[39m]: [32mPending Applications Found: 2[39m
[2026-07-29 13:26:21:2621] [[32minfo[39m]: [32mAdmin Query Executed[39m
[2026-07-29 13:26:21:2621] [[32minfo[39m]: [32mPending Applications Found: 2[39m
[2026-07-29 13:26:40:2640] [[32minfo[39m]: [32mUser 6a69b1594a095652eff2624b disconnected from socket HGtLYBHXPWmJLq8mAAA1[39m
[2026-07-29 13:26:41:2641] [[32minfo[39m]: [32mUser 6a6999a4d9622b6d72b62298 disconnected from socket 4IwzUKo8NdTZH2jBAAAF[39m
[2026-07-29 13:26:43:2643] [[32minfo[39m]: [32mNew WebSocket client connected: PEHKKprdYnCgEbiyAAA5[39m
[2026-07-29 13:26:43:2643] [[32minfo[39m]: [32mUser 6a6999a4d9622b6d72b62298 bound to socket PEHKKprdYnCgEbiyAAA5[39m
[2026-07-29 13:26:46:2646] [[32minfo[39m]: [32mUser 6a6999a4d9622b6d72b62298 disconnected from socket PEHKKprdYnCgEbiyAAA5[39m
[2026-07-29 17:48:56:4856] [[32minfo[39m]: [32mNew WebSocket client connected: 8J17IaMVvJAVRZOsAAA8[39m
[2026-07-29 17:48:56:4856] [[32minfo[39m]: [32mUser 6a6999a4d9622b6d72b62298 bound to socket 8J17IaMVvJAVRZOsAAA8[39m
[2026-07-29 17:48:56:4856] [[32minfo[39m]: [32mUser 6a6999a4d9622b6d72b62298 disconnected from socket 8J17IaMVvJAVRZOsAAA8[39m
[2026-07-29 17:51:04:514] [[32minfo[39m]: [32mNew WebSocket client connected: ogkAQUPtGdCa9jTeAAA-[39m
[2026-07-29 17:51:04:514] [[32minfo[39m]: [32mUser 6a69b1594a095652eff2624b bound to socket ogkAQUPtGdCa9jTeAAA-[39m
[2026-07-29 17:51:04:514] [[32minfo[39m]: [32mUser 6a69b1594a095652eff2624b disconnected from socket ogkAQUPtGdCa9jTeAAA-[39m
[2026-07-29 17:51:04:514] [[32minfo[39m]: [32mNew WebSocket client connected: C7zzIYR3Y3qmoX9vAABA[39m
[2026-07-29 17:51:04:514] [[32minfo[39m]: [32mUser 6a69b1594a095652eff2624b bound to socket C7zzIYR3Y3qmoX9vAABA[39m
[2026-07-29 17:51:04:514] [[32minfo[39m]: [32mUser 6a69b1594a095652eff2624b disconnected from socket C7zzIYR3Y3qmoX9vAABA[39m
[2026-07-29 17:51:04:514] [[32minfo[39m]: [32mNew WebSocket client connected: OUCvaF7yHdVFT74OAABC[39m
[2026-07-29 17:51:04:514] [[32minfo[39m]: [32mUser 6a69b1594a095652eff2624b bound to socket OUCvaF7yHdVFT74OAABC[39m
[2026-07-29 17:51:04:514] [[32minfo[39m]: [32mUser 6a69b1594a095652eff2624b disconnected from socket OUCvaF7yHdVFT74OAABC[39m
[2026-07-29 17:51:04:514] [[32minfo[39m]: [32mNew WebSocket client connected: TZS8GzDi9J-VPTzUAABE[39m
[2026-07-29 17:51:04:514] [[32minfo[39m]: [32mUser 6a69b1594a095652eff2624b bound to socket TZS8GzDi9J-VPTzUAABE[39m
[2026-07-29 17:56:10:5610] [[32minfo[39m]: [32mDriver Registration Started for user: 6a69b1594a095652eff2624b[39m
[2026-07-29 17:56:19:5619] [[32minfo[39m]: [32mDocuments Uploaded[39m
[2026-07-29 17:56:22:5622] [[32minfo[39m]: [32mProfile photo updated for user: 6a69b1594a095652eff2624b[39m
[2026-07-29 17:56:23:5623] [[32minfo[39m]: [32mDriver Saved in MongoDB for user: 6a69b1594a095652eff2624b[39m
[2026-07-29 17:56:23:5623] [[32minfo[39m]: [32mApplication Created for user: 6a69b1594a095652eff2624b[39m
[2026-07-29 17:56:23:5623] [[32minfo[39m]: [32mUser 6a69b1594a095652eff2624b disconnected from socket TZS8GzDi9J-VPTzUAABE[39m
[2026-07-29 17:56:23:5623] [[32minfo[39m]: [32mNew WebSocket client connected: qo9tHh0__xJ9atUzAABH[39m
[2026-07-29 17:56:23:5623] [[32minfo[39m]: [32mUser 6a69b1594a095652eff2624b bound to socket qo9tHh0__xJ9atUzAABH[39m
[2026-07-29 17:56:23:5623] [[32minfo[39m]: [32mUser 6a69b1594a095652eff2624b disconnected from socket qo9tHh0__xJ9atUzAABH[39m
[2026-07-29 17:56:23:5623] [[32minfo[39m]: [32mNew WebSocket client connected: JEzJAWNMQp6NZDHVAABJ[39m
[2026-07-29 17:56:23:5623] [[32minfo[39m]: [32mUser 6a69b1594a095652eff2624b bound to socket JEzJAWNMQp6NZDHVAABJ[39m
[2026-07-29 17:56:59:5659] [[32minfo[39m]: [32mNew WebSocket client connected: U7YEA7fiYmrdiSxSAABL[39m
[2026-07-29 17:56:59:5659] [[32minfo[39m]: [32mUser 6a69a9eea27a8a5c01354f6a bound to socket U7YEA7fiYmrdiSxSAABL[39m
[2026-07-29 17:57:04:574] [[32minfo[39m]: [32mAdmin Query Executed[39m
[2026-07-29 17:57:04:574] [[32minfo[39m]: [32mPending Applications Found: 1[39m
[2026-07-29 17:57:04:574] [[32minfo[39m]: [32mAdmin Query Executed[39m
[2026-07-29 17:57:04:574] [[32minfo[39m]: [32mPending Applications Found: 1[39m
[2026-07-29 17:57:10:5710] [[32minfo[39m]: [32mDriver Approved[39m
[2026-07-29 17:57:11:5711] [[32minfo[39m]: [32mDriver Approval email sent successfully to: sudheer.23mic7115@vitapstudent.ac.in[39m
[2026-07-29 17:57:13:5713] [[32minfo[39m]: [32mAdmin Query Executed[39m
[2026-07-29 17:57:13:5713] [[32minfo[39m]: [32mPending Applications Found: 1[39m
[2026-07-29 17:57:13:5713] [[32minfo[39m]: [32mAdmin Query Executed[39m
[2026-07-29 17:57:13:5713] [[32minfo[39m]: [32mPending Applications Found: 1[39m
[2026-07-29 17:59:10:5910] [[32minfo[39m]: [32mUser 6a69b1594a095652eff2624b disconnected from socket JEzJAWNMQp6NZDHVAABJ[39m
[2026-07-29 17:59:11:5911] [[32minfo[39m]: [32mNew WebSocket client connected: YiJuvU_LodwPEobfAABN[39m
[2026-07-29 17:59:11:5911] [[32minfo[39m]: [32mUser 6a69b1594a095652eff2624b bound to socket YiJuvU_LodwPEobfAABN[39m
[2026-07-29 17:59:11:5911] [[32minfo[39m]: [32mUser 6a69b1594a095652eff2624b disconnected from socket YiJuvU_LodwPEobfAABN[39m
[2026-07-29 17:59:11:5911] [[32minfo[39m]: [32mNew WebSocket client connected: C6lXnZN8GOEDTlRkAABP[39m
[2026-07-29 17:59:11:5911] [[32minfo[39m]: [32mUser 6a69b1594a095652eff2624b bound to socket C6lXnZN8GOEDTlRkAABP[39m
[2026-07-29 17:59:11:5911] [[32minfo[39m]: [32mUser 6a69b1594a095652eff2624b disconnected from socket C6lXnZN8GOEDTlRkAABP[39m
[2026-07-29 17:59:11:5911] [[32minfo[39m]: [32mNew WebSocket client connected: iEsSagipNrnDXqOYAABR[39m
[2026-07-29 17:59:11:5911] [[32minfo[39m]: [32mUser 6a69b1594a095652eff2624b bound to socket iEsSagipNrnDXqOYAABR[39m
[2026-07-29 18:08:32:832] [[32minfo[39m]: [32mCloudinary integration enabled.[39m
[2026-07-29 18:08:33:833] [[32minfo[39m]: [32mServer is running in development mode on port 5000[39m
[2026-07-29 18:08:33:833] [[32minfo[39m]: [32mNew WebSocket client connected: X1Y387E1Nb0P-45sAAAB[39m
[2026-07-29 18:08:33:833] [[32minfo[39m]: [32mUser 6a69a9eea27a8a5c01354f6a bound to socket X1Y387E1Nb0P-45sAAAB[39m
[2026-07-29 18:08:33:833] [[32minfo[39m]: [32mNew WebSocket client connected: 4a4aeSOOdGJWm3UCAAAD[39m
[2026-07-29 18:08:33:833] [[32minfo[39m]: [32mUser 6a69b1594a095652eff2624b bound to socket 4a4aeSOOdGJWm3UCAAAD[39m
[2026-07-29 18:08:34:834] [[32minfo[39m]: [32mSuccessfully connected to MongoDB database.[39m
[2026-07-29 18:08:51:851] [[32minfo[39m]: [32mCloudinary integration enabled.[39m
[2026-07-29 18:08:51:851] [[32minfo[39m]: [32mServer is running in development mode on port 5000[39m
[2026-07-29 18:08:51:851] [[32minfo[39m]: [32mNew WebSocket client connected: S-9LVOf42AN9PXFzAAAB[39m
[2026-07-29 18:08:51:851] [[32minfo[39m]: [32mUser 6a69a9eea27a8a5c01354f6a bound to socket S-9LVOf42AN9PXFzAAAB[39m
[2026-07-29 18:08:51:851] [[32minfo[39m]: [32mNew WebSocket client connected: TbUGdAZJifNRa1jzAAAD[39m
[2026-07-29 18:08:51:851] [[32minfo[39m]: [32mUser 6a69b1594a095652eff2624b bound to socket TbUGdAZJifNRa1jzAAAD[39m
[2026-07-29 18:08:52:852] [[32minfo[39m]: [32mSuccessfully connected to MongoDB database.[39m
[2026-07-29 18:08:56:856] [[32minfo[39m]: [32mUser 6a69b1594a095652eff2624b disconnected from socket TbUGdAZJifNRa1jzAAAD[39m
[2026-07-29 18:08:56:856] [[32minfo[39m]: [32mNew WebSocket client connected: HID-D60GQa3baz8zAAAF[39m
[2026-07-29 18:08:56:856] [[32minfo[39m]: [32mUser 6a69b1594a095652eff2624b bound to socket HID-D60GQa3baz8zAAAF[39m
[2026-07-29 18:08:56:856] [[32minfo[39m]: [32mUser 6a69b1594a095652eff2624b disconnected from socket HID-D60GQa3baz8zAAAF[39m
[2026-07-29 18:09:03:93] [[32minfo[39m]: [32mNew WebSocket client connected: LN27FdkbRSSJLZtuAAAH[39m
[2026-07-29 18:09:03:93] [[32minfo[39m]: [32mUser 6a69b1594a095652eff2624b bound to socket LN27FdkbRSSJLZtuAAAH[39m
[2026-07-29 18:09:03:93] [[32minfo[39m]: [32mUser 6a69b1594a095652eff2624b disconnected from socket LN27FdkbRSSJLZtuAAAH[39m
[2026-07-29 18:09:03:93] [[32minfo[39m]: [32mNew WebSocket client connected: ZTinYU9HQ7DtTIfvAAAJ[39m
[2026-07-29 18:09:03:93] [[32minfo[39m]: [32mUser 6a69b1594a095652eff2624b bound to socket ZTinYU9HQ7DtTIfvAAAJ[39m
[2026-07-29 18:09:03:93] [[32minfo[39m]: [32mUser 6a69b1594a095652eff2624b disconnected from socket ZTinYU9HQ7DtTIfvAAAJ[39m
[2026-07-29 18:09:03:93] [[32minfo[39m]: [32mNew WebSocket client connected: bq_7JwyVDCwJpHyoAAAL[39m
[2026-07-29 18:09:03:93] [[32minfo[39m]: [32mUser 6a69b1594a095652eff2624b bound to socket bq_7JwyVDCwJpHyoAAAL[39m
[2026-07-29 18:09:03:93] [[32minfo[39m]: [32mUser 6a69b1594a095652eff2624b disconnected from socket bq_7JwyVDCwJpHyoAAAL[39m
[2026-07-29 18:09:03:93] [[32minfo[39m]: [32mNew WebSocket client connected: TIPnADNsFMsPr5_cAAAN[39m
[2026-07-29 18:09:03:93] [[32minfo[39m]: [32mUser 6a69b1594a095652eff2624b bound to socket TIPnADNsFMsPr5_cAAAN[39m
[2026-07-29 18:12:31:1231] [[32minfo[39m]: [32mUser 6a69b1594a095652eff2624b disconnected from socket TIPnADNsFMsPr5_cAAAN[39m
[2026-07-29 18:12:31:1231] [[32minfo[39m]: [32mUser 6a69a9eea27a8a5c01354f6a disconnected from socket S-9LVOf42AN9PXFzAAAB[39m
[2026-07-29 18:12:33:1233] [[32minfo[39m]: [32mNew WebSocket client connected: RGIRUAKei7AByBF8AAAQ[39m
[2026-07-29 18:12:33:1233] [[32minfo[39m]: [32mUser 6a69b1594a095652eff2624b bound to socket RGIRUAKei7AByBF8AAAQ[39m
[2026-07-29 18:12:33:1233] [[32minfo[39m]: [32mUser 6a69b1594a095652eff2624b disconnected from socket RGIRUAKei7AByBF8AAAQ[39m
[2026-07-29 18:12:33:1233] [[32minfo[39m]: [32mNew WebSocket client connected: oye7Ru0LbHgLknLCAAAT[39m
[2026-07-29 18:12:33:1233] [[32minfo[39m]: [32mUser 6a69b1594a095652eff2624b bound to socket oye7Ru0LbHgLknLCAAAT[39m
[2026-07-29 18:12:51:1251] [[32minfo[39m]: [32mCloudinary integration enabled.[39m
[2026-07-29 18:12:52:1252] [[32minfo[39m]: [32mServer is running in development mode on port 5000[39m
[2026-07-29 18:12:52:1252] [[32minfo[39m]: [32mNew WebSocket client connected: Mgqv78EaQF5n9WZ5AAAB[39m
[2026-07-29 18:12:52:1252] [[32minfo[39m]: [32mUser 6a69b1594a095652eff2624b bound to socket Mgqv78EaQF5n9WZ5AAAB[39m
[2026-07-29 18:12:52:1252] [[32minfo[39m]: [32mSuccessfully connected to MongoDB database.[39m
[2026-07-29 18:13:04:134] [[32minfo[39m]: [32mUser 6a69b1594a095652eff2624b disconnected from socket Mgqv78EaQF5n9WZ5AAAB[39m
[2026-07-29 18:13:06:136] [[32minfo[39m]: [32mNew WebSocket client connected: M2ELdQGsp_cFjuMaAAAD[39m
[2026-07-29 18:13:06:136] [[32minfo[39m]: [32mUser 6a69b1594a095652eff2624b bound to socket M2ELdQGsp_cFjuMaAAAD[39m
[2026-07-29 18:13:06:136] [[32minfo[39m]: [32mUser 6a69b1594a095652eff2624b disconnected from socket M2ELdQGsp_cFjuMaAAAD[39m
[2026-07-29 18:13:06:136] [[32minfo[39m]: [32mNew WebSocket client connected: -t_LZRRz2rSso0yhAAAF[39m
[2026-07-29 18:13:06:136] [[32minfo[39m]: [32mUser 6a69b1594a095652eff2624b bound to socket -t_LZRRz2rSso0yhAAAF[39m
[2026-07-29 18:13:07:137] [[32minfo[39m]: [32mUser 6a69b1594a095652eff2624b disconnected from socket -t_LZRRz2rSso0yhAAAF[39m
[2026-07-29 18:13:07:137] [[32minfo[39m]: [32mNew WebSocket client connected: K5V2M0o6ZK-AQZ6vAAAH[39m
[2026-07-29 18:13:07:137] [[32minfo[39m]: [32mUser 6a69b1594a095652eff2624b bound to socket K5V2M0o6ZK-AQZ6vAAAH[39m
[2026-07-29 18:13:14:1314] [[32minfo[39m]: [32mUser 6a69b1594a095652eff2624b disconnected from socket K5V2M0o6ZK-AQZ6vAAAH[39m
[2026-07-29 18:13:14:1314] [[32minfo[39m]: [32mNew WebSocket client connected: HcUQPRRhsg9g7X7BAAAJ[39m
[2026-07-29 18:13:14:1314] [[32minfo[39m]: [32mUser 6a69b1594a095652eff2624b bound to socket HcUQPRRhsg9g7X7BAAAJ[39m
[2026-07-29 18:13:14:1314] [[32minfo[39m]: [32mUser 6a69b1594a095652eff2624b disconnected from socket HcUQPRRhsg9g7X7BAAAJ[39m
[2026-07-29 18:13:14:1314] [[32minfo[39m]: [32mNew WebSocket client connected: QqjF-pP8WjLOBVXGAAAL[39m
[2026-07-29 18:13:14:1314] [[32minfo[39m]: [32mUser 6a69b1594a095652eff2624b bound to socket QqjF-pP8WjLOBVXGAAAL[39m
[2026-07-29 18:13:14:1314] [[32minfo[39m]: [32mUser 6a69b1594a095652eff2624b disconnected from socket QqjF-pP8WjLOBVXGAAAL[39m
[2026-07-29 18:13:14:1314] [[32minfo[39m]: [32mNew WebSocket client connected: -4VjuPMYpUZFa4yqAAAN[39m
[2026-07-29 18:13:14:1314] [[32minfo[39m]: [32mUser 6a69b1594a095652eff2624b bound to socket -4VjuPMYpUZFa4yqAAAN[39m
[2026-07-29 18:21:17:2117] [[32minfo[39m]: [32mUser 6a69b1594a095652eff2624b disconnected from socket -4VjuPMYpUZFa4yqAAAN[39m
[2026-07-29 18:21:17:2117] [[32minfo[39m]: [32mNew WebSocket client connected: yRzksArM2rPX4JzVAAAP[39m
[2026-07-29 18:21:17:2117] [[32minfo[39m]: [32mUser 6a69b1594a095652eff2624b bound to socket yRzksArM2rPX4JzVAAAP[39m
[2026-07-29 18:21:17:2117] [[32minfo[39m]: [32mUser 6a69b1594a095652eff2624b disconnected from socket yRzksArM2rPX4JzVAAAP[39m
[2026-07-29 18:21:17:2117] [[32minfo[39m]: [32mNew WebSocket client connected: Qf1fQpMXmFRlQ66cAAAR[39m
[2026-07-29 18:21:17:2117] [[32minfo[39m]: [32mUser 6a69b1594a095652eff2624b bound to socket Qf1fQpMXmFRlQ66cAAAR[39m
[2026-07-29 18:21:18:2118] [[32minfo[39m]: [32mUser 6a69b1594a095652eff2624b disconnected from socket Qf1fQpMXmFRlQ66cAAAR[39m
[2026-07-29 18:21:18:2118] [[32minfo[39m]: [32mNew WebSocket client connected: VG7xcURCMkbl1x4iAAAT[39m
[2026-07-29 18:21:18:2118] [[32minfo[39m]: [32mUser 6a69b1594a095652eff2624b bound to socket VG7xcURCMkbl1x4iAAAT[39m
[2026-07-29 18:22:46:2246] [[32minfo[39m]: [32mUser 6a69b1594a095652eff2624b disconnected from socket VG7xcURCMkbl1x4iAAAT[39m
[2026-07-29 18:22:48:2248] [[32minfo[39m]: [32mNew WebSocket client connected: 07DU8rDE7oita9TnAAAV[39m
[2026-07-29 18:22:48:2248] [[32minfo[39m]: [32mNew WebSocket client connected: opJ3sRiIJ1cv4yxxAAAX[39m
[2026-07-29 18:22:48:2248] [[32minfo[39m]: [32mUser 6a69b1594a095652eff2624b bound to socket opJ3sRiIJ1cv4yxxAAAX[39m
[2026-07-29 18:22:48:2248] [[32minfo[39m]: [32mUser 6a69b1594a095652eff2624b disconnected from socket opJ3sRiIJ1cv4yxxAAAX[39m
[2026-07-29 18:22:48:2248] [[32minfo[39m]: [32mNew WebSocket client connected: nnkgObiiS_mISDg_AAAZ[39m
[2026-07-29 18:22:48:2248] [[32minfo[39m]: [32mUser 6a69b1594a095652eff2624b bound to socket nnkgObiiS_mISDg_AAAZ[39m
[2026-07-29 18:23:27:2327] [[32minfo[39m]: [32mUser 6a69b1594a095652eff2624b disconnected from socket nnkgObiiS_mISDg_AAAZ[39m
[2026-07-29 18:27:15:2715] [[32minfo[39m]: [32mCloudinary integration enabled.[39m
[2026-07-29 18:27:15:2715] [[32minfo[39m]: [32mServer is running in development mode on port 5000[39m
[2026-07-29 18:27:16:2716] [[32minfo[39m]: [32mSuccessfully connected to MongoDB database.[39m
[2026-07-29 18:27:19:2719] [[32minfo[39m]: [32mCloudinary integration enabled.[39m
[2026-07-29 18:27:20:2720] [[32minfo[39m]: [32mServer is running in development mode on port 5000[39m
[2026-07-29 18:27:20:2720] [[32minfo[39m]: [32mSuccessfully connected to MongoDB database.[39m
[2026-07-29 18:27:41:2741] [[32minfo[39m]: [32mNew WebSocket client connected: ZlTa-qMEEFc6jR61AAAB[39m
[2026-07-29 18:27:46:2746] [[32minfo[39m]: [32mNew WebSocket client connected: _CDqNdKuL3SO0xI1AAAD[39m
[2026-07-29 18:27:46:2746] [[32minfo[39m]: [32mUser 6a69b1594a095652eff2624b bound to socket _CDqNdKuL3SO0xI1AAAD[39m
[2026-07-29 18:27:46:2746] [[32minfo[39m]: [32mUser 6a69b1594a095652eff2624b disconnected from socket _CDqNdKuL3SO0xI1AAAD[39m
[2026-07-29 18:27:46:2746] [[32minfo[39m]: [32mNew WebSocket client connected: 5OTtJmnh1_usTQdNAAAF[39m
[2026-07-29 18:27:46:2746] [[32minfo[39m]: [32mUser 6a69b1594a095652eff2624b bound to socket 5OTtJmnh1_usTQdNAAAF[39m
[2026-07-29 18:27:47:2747] [[32minfo[39m]: [32mUser 6a69b1594a095652eff2624b disconnected from socket 5OTtJmnh1_usTQdNAAAF[39m
[2026-07-29 18:27:47:2747] [[32minfo[39m]: [32mNew WebSocket client connected: fEIw5ocwrV57G6KQAAAH[39m
[2026-07-29 18:27:47:2747] [[32minfo[39m]: [32mUser 6a69b1594a095652eff2624b bound to socket fEIw5ocwrV57G6KQAAAH[39m
[2026-07-29 18:27:47:2747] [[32minfo[39m]: [32mUser 6a69b1594a095652eff2624b disconnected from socket fEIw5ocwrV57G6KQAAAH[39m
[2026-07-29 18:27:47:2747] [[32minfo[39m]: [32mNew WebSocket client connected: 7d-cMuqYB0HbtwfKAAAJ[39m
[2026-07-29 18:27:47:2747] [[32minfo[39m]: [32mUser 6a69b1594a095652eff2624b bound to socket 7d-cMuqYB0HbtwfKAAAJ[39m
[2026-07-29 18:32:04:324] [[32minfo[39m]: [32mUser 6a69b1594a095652eff2624b disconnected from socket 7d-cMuqYB0HbtwfKAAAJ[39m
[2026-07-29 18:32:06:326] [[32minfo[39m]: [32mNew WebSocket client connected: mwsjyKnNNCNyLMEtAAAM[39m
[2026-07-29 18:32:06:326] [[32minfo[39m]: [32mUser 6a69b1594a095652eff2624b bound to socket mwsjyKnNNCNyLMEtAAAM[39m
[2026-07-29 18:32:06:326] [[32minfo[39m]: [32mUser 6a69b1594a095652eff2624b disconnected from socket mwsjyKnNNCNyLMEtAAAM[39m
[2026-07-29 18:32:06:326] [[32minfo[39m]: [32mNew WebSocket client connected: Qw8QxsKTrrWsLKlSAAAO[39m
[2026-07-29 18:32:06:326] [[32minfo[39m]: [32mUser 6a69b1594a095652eff2624b bound to socket Qw8QxsKTrrWsLKlSAAAO[39m
[2026-07-29 18:32:19:3219] [[32minfo[39m]: [32mCloudinary integration enabled.[39m
[2026-07-29 18:32:20:3220] [[32minfo[39m]: [32mServer is running in development mode on port 5000[39m
[2026-07-29 18:32:20:3220] [[32minfo[39m]: [32mNew WebSocket client connected: 5dG1KGpWyGBn5l_7AAAB[39m
[2026-07-29 18:32:20:3220] [[32minfo[39m]: [32mUser 6a69b1594a095652eff2624b bound to socket 5dG1KGpWyGBn5l_7AAAB[39m
[2026-07-29 18:32:20:3220] [[32minfo[39m]: [32mSuccessfully connected to MongoDB database.[39m
[2026-07-29 18:33:35:3335] [[32minfo[39m]: [32mUser 6a69b1594a095652eff2624b disconnected from socket 5dG1KGpWyGBn5l_7AAAB[39m
[2026-07-29 18:33:36:3336] [[32minfo[39m]: [32mNew WebSocket client connected: Jf0SjUDDgZA5z5nAAAAD[39m
[2026-07-29 18:33:36:3336] [[32minfo[39m]: [32mUser 6a69b1594a095652eff2624b bound to socket Jf0SjUDDgZA5z5nAAAAD[39m
[2026-07-29 18:33:36:3336] [[32minfo[39m]: [32mUser 6a69b1594a095652eff2624b disconnected from socket Jf0SjUDDgZA5z5nAAAAD[39m
[2026-07-29 18:33:36:3336] [[32minfo[39m]: [32mNew WebSocket client connected: YvVNtYXEGW8mamsyAAAF[39m
[2026-07-29 18:33:36:3336] [[32minfo[39m]: [32mUser 6a69b1594a095652eff2624b bound to socket YvVNtYXEGW8mamsyAAAF[39m
[2026-07-29 18:33:36:3336] [[32minfo[39m]: [32mUser 6a69b1594a095652eff2624b disconnected from socket YvVNtYXEGW8mamsyAAAF[39m
[2026-07-29 18:33:36:3336] [[32minfo[39m]: [32mNew WebSocket client connected: JvkaUjOEQIJKkPpnAAAH[39m
[2026-07-29 18:33:36:3336] [[32minfo[39m]: [32mUser 6a69b1594a095652eff2624b bound to socket JvkaUjOEQIJKkPpnAAAH[39m
[2026-07-29 18:34:41:3441] [[32minfo[39m]: [32mUser 6a69b1594a095652eff2624b disconnected from socket JvkaUjOEQIJKkPpnAAAH[39m
[2026-07-29 18:34:41:3441] [[32minfo[39m]: [32mNew WebSocket client connected: y4h_9FR2-H0aXQ4RAAAJ[39m
[2026-07-29 18:34:41:3441] [[32minfo[39m]: [32mUser 6a69b1594a095652eff2624b bound to socket y4h_9FR2-H0aXQ4RAAAJ[39m
[2026-07-29 18:34:41:3441] [[32minfo[39m]: [32mUser 6a69b1594a095652eff2624b disconnected from socket y4h_9FR2-H0aXQ4RAAAJ[39m
[2026-07-29 18:34:41:3441] [[32minfo[39m]: [32mNew WebSocket client connected: k0r_AtKB-VYwE5tJAAAL[39m
[2026-07-29 18:34:41:3441] [[32minfo[39m]: [32mUser 6a69b1594a095652eff2624b bound to socket k0r_AtKB-VYwE5tJAAAL[39m
[2026-07-29 18:34:42:3442] [[32minfo[39m]: [32mUser 6a69b1594a095652eff2624b disconnected from socket k0r_AtKB-VYwE5tJAAAL[39m
[2026-07-29 18:34:42:3442] [[32minfo[39m]: [32mNew WebSocket client connected: Gb1lpewTCcy-sk3aAAAN[39m
[2026-07-29 18:34:42:3442] [[32minfo[39m]: [32mUser 6a69b1594a095652eff2624b bound to socket Gb1lpewTCcy-sk3aAAAN[39m
[2026-07-29 18:34:48:3448] [[32minfo[39m]: [32mUser 6a69b1594a095652eff2624b disconnected from socket Gb1lpewTCcy-sk3aAAAN[39m
[2026-07-29 18:34:48:3448] [[32minfo[39m]: [32mNew WebSocket client connected: J4VkWrBA4CJNGrunAAAP[39m
[2026-07-29 18:34:48:3448] [[32minfo[39m]: [32mUser 6a69b1594a095652eff2624b bound to socket J4VkWrBA4CJNGrunAAAP[39m
[2026-07-29 18:34:48:3448] [[32minfo[39m]: [32mUser 6a69b1594a095652eff2624b disconnected from socket J4VkWrBA4CJNGrunAAAP[39m
[2026-07-29 18:34:48:3448] [[32minfo[39m]: [32mNew WebSocket client connected: 0VQ9t3vtgWVUt_EYAAAR[39m
[2026-07-29 18:34:48:3448] [[32minfo[39m]: [32mUser 6a69b1594a095652eff2624b bound to socket 0VQ9t3vtgWVUt_EYAAAR[39m
[2026-07-29 18:34:48:3448] [[32minfo[39m]: [32mUser 6a69b1594a095652eff2624b disconnected from socket 0VQ9t3vtgWVUt_EYAAAR[39m
[2026-07-29 18:34:48:3448] [[32minfo[39m]: [32mNew WebSocket client connected: 0fX_Z3pCeXYlSGHKAAAT[39m
[2026-07-29 18:34:48:3448] [[32minfo[39m]: [32mUser 6a69b1594a095652eff2624b bound to socket 0fX_Z3pCeXYlSGHKAAAT[39m
[2026-07-29 18:38:45:3845] [[32minfo[39m]: [32mNew WebSocket client connected: VFZEdk6TpbW79xYIAAAV[39m
[2026-07-29 18:38:45:3845] [[32minfo[39m]: [32mNew WebSocket client connected: 4fZvOuAWa8N6rhNZAAAX[39m
[2026-07-29 18:38:45:3845] [[32minfo[39m]: [32mUser 6a69fb5c2b9ae9be810e9a33 bound to socket 4fZvOuAWa8N6rhNZAAAX[39m
[2026-07-29 18:38:45:3845] [[32minfo[39m]: [32mUser 6a69fb5c2b9ae9be810e9a33 disconnected from socket 4fZvOuAWa8N6rhNZAAAX[39m
[2026-07-29 18:38:45:3845] [[32minfo[39m]: [32mNew WebSocket client connected: dA8zuyeS9wtL7MMLAAAZ[39m
[2026-07-29 18:38:45:3845] [[32minfo[39m]: [32mUser 6a69fb5c2b9ae9be810e9a33 bound to socket dA8zuyeS9wtL7MMLAAAZ[39m
[2026-07-29 18:38:45:3845] [[32minfo[39m]: [32mUser 6a69fb5c2b9ae9be810e9a33 disconnected from socket dA8zuyeS9wtL7MMLAAAZ[39m
[2026-07-29 18:38:45:3845] [[32minfo[39m]: [32mNew WebSocket client connected: 2icIW25P4szt2QnIAAAb[39m
[2026-07-29 18:38:45:3845] [[32minfo[39m]: [32mUser 6a69fb5c2b9ae9be810e9a33 bound to socket 2icIW25P4szt2QnIAAAb[39m
[2026-07-29 18:46:52:4652] [[32minfo[39m]: [32mCloudinary integration enabled.[39m
[2026-07-29 18:46:52:4652] [[32minfo[39m]: [32mServer is running in development mode on port 5000[39m
[2026-07-29 18:46:52:4652] [[32minfo[39m]: [32mNew WebSocket client connected: zzGwgX9g_iQdHi3GAAAB[39m
[2026-07-29 18:46:52:4652] [[32minfo[39m]: [32mUser 6a69b1594a095652eff2624b bound to socket zzGwgX9g_iQdHi3GAAAB[39m
[2026-07-29 18:46:52:4652] [[32minfo[39m]: [32mNew WebSocket client connected: rKm-FKCZuaRtuY9BAAAD[39m
[2026-07-29 18:46:52:4652] [[32minfo[39m]: [32mUser 6a69fb5c2b9ae9be810e9a33 bound to socket rKm-FKCZuaRtuY9BAAAD[39m
[2026-07-29 18:46:53:4653] [[32minfo[39m]: [32mSuccessfully connected to MongoDB database.[39m
[2026-07-29 18:47:09:479] [[32minfo[39m]: [32mCloudinary integration enabled.[39m
[2026-07-29 18:47:10:4710] [[32minfo[39m]: [32mServer is running in development mode on port 5000[39m
[2026-07-29 18:47:10:4710] [[32minfo[39m]: [32mNew WebSocket client connected: oel_bDsty-jTvWZWAAAB[39m
[2026-07-29 18:47:10:4710] [[32minfo[39m]: [32mUser 6a69fb5c2b9ae9be810e9a33 bound to socket oel_bDsty-jTvWZWAAAB[39m
[2026-07-29 18:47:10:4710] [[32minfo[39m]: [32mNew WebSocket client connected: fm7d0bZIK_iFgIYJAAAD[39m
[2026-07-29 18:47:10:4710] [[32minfo[39m]: [32mUser 6a69b1594a095652eff2624b bound to socket fm7d0bZIK_iFgIYJAAAD[39m
[2026-07-29 18:47:11:4711] [[32minfo[39m]: [32mSuccessfully connected to MongoDB database.[39m
[2026-07-29 18:47:23:4723] [[32minfo[39m]: [32mCloudinary integration enabled.[39m
[2026-07-29 18:47:23:4723] [[32minfo[39m]: [32mServer is running in development mode on port 5000[39m
[2026-07-29 18:47:23:4723] [[32minfo[39m]: [32mNew WebSocket client connected: 6wHhNDyqkNIkWge0AAAB[39m
[2026-07-29 18:47:23:4723] [[32minfo[39m]: [32mUser 6a69b1594a095652eff2624b bound to socket 6wHhNDyqkNIkWge0AAAB[39m
[2026-07-29 18:47:23:4723] [[32minfo[39m]: [32mNew WebSocket client connected: fLBX25outCYJpoeeAAAD[39m
[2026-07-29 18:47:23:4723] [[32minfo[39m]: [32mUser 6a69fb5c2b9ae9be810e9a33 bound to socket fLBX25outCYJpoeeAAAD[39m
[2026-07-29 18:47:24:4724] [[32minfo[39m]: [32mSuccessfully connected to MongoDB database.[39m
[2026-07-29 18:47:46:4746] [[32minfo[39m]: [32mCloudinary integration enabled.[39m
[2026-07-29 18:47:46:4746] [[32minfo[39m]: [32mServer is running in development mode on port 5000[39m
[2026-07-29 18:47:46:4746] [[32minfo[39m]: [32mNew WebSocket client connected: mjojm3M0iluUehH1AAAC[39m
[2026-07-29 18:47:46:4746] [[32minfo[39m]: [32mNew WebSocket client connected: k2y65DvUr96z_C70AAAD[39m
[2026-07-29 18:47:46:4746] [[32minfo[39m]: [32mUser 6a69fb5c2b9ae9be810e9a33 bound to socket mjojm3M0iluUehH1AAAC[39m
[2026-07-29 18:47:46:4746] [[32minfo[39m]: [32mUser 6a69b1594a095652eff2624b bound to socket k2y65DvUr96z_C70AAAD[39m
[2026-07-29 18:47:47:4747] [[32minfo[39m]: [32mSuccessfully connected to MongoDB database.[39m
[2026-07-29 18:47:53:4753] [[32minfo[39m]: [32mCloudinary integration enabled.[39m
[2026-07-29 18:47:53:4753] [[32minfo[39m]: [32mServer is running in development mode on port 5000[39m
[2026-07-29 18:47:53:4753] [[32minfo[39m]: [32mNew WebSocket client connected: SXZ3yYHTxbYwnawsAAAB[39m
[2026-07-29 18:47:53:4753] [[32minfo[39m]: [32mUser 6a69fb5c2b9ae9be810e9a33 bound to socket SXZ3yYHTxbYwnawsAAAB[39m
[2026-07-29 18:47:53:4753] [[32minfo[39m]: [32mNew WebSocket client connected: BnSnrOa8BMGawex9AAAD[39m
[2026-07-29 18:47:53:4753] [[32minfo[39m]: [32mUser 6a69b1594a095652eff2624b bound to socket BnSnrOa8BMGawex9AAAD[39m
[2026-07-29 18:47:54:4754] [[32minfo[39m]: [32mSuccessfully connected to MongoDB database.[39m
[2026-07-29 18:47:58:4758] [[32minfo[39m]: [32mCloudinary integration enabled.[39m
[2026-07-29 18:47:58:4758] [[32minfo[39m]: [32mServer is running in development mode on port 5000[39m
[2026-07-29 18:47:58:4758] [[32minfo[39m]: [32mNew WebSocket client connected: 24UzkzKYDtByeE3yAAAC[39m
[2026-07-29 18:47:58:4758] [[32minfo[39m]: [32mUser 6a69fb5c2b9ae9be810e9a33 bound to socket 24UzkzKYDtByeE3yAAAC[39m
[2026-07-29 18:47:58:4758] [[32minfo[39m]: [32mNew WebSocket client connected: LitR-c71_pH7zr3WAAAD[39m
[2026-07-29 18:47:58:4758] [[32minfo[39m]: [32mUser 6a69b1594a095652eff2624b bound to socket LitR-c71_pH7zr3WAAAD[39m
[2026-07-29 18:47:59:4759] [[32minfo[39m]: [32mSuccessfully connected to MongoDB database.[39m
[2026-07-29 18:48:09:489] [[32minfo[39m]: [32mUser 6a69b1594a095652eff2624b disconnected from socket LitR-c71_pH7zr3WAAAD[39m
[2026-07-29 18:48:10:4810] [[32minfo[39m]: [32mUser 6a69fb5c2b9ae9be810e9a33 disconnected from socket 24UzkzKYDtByeE3yAAAC[39m
[2026-07-29 18:48:11:4811] [[32minfo[39m]: [32mNew WebSocket client connected: I3S5v0WovXbTSKzYAAAG[39m
[2026-07-29 18:48:11:4811] [[32minfo[39m]: [32mUser 6a69fb5c2b9ae9be810e9a33 bound to socket I3S5v0WovXbTSKzYAAAG[39m
[2026-07-29 18:48:11:4811] [[32minfo[39m]: [32mUser 6a69fb5c2b9ae9be810e9a33 disconnected from socket I3S5v0WovXbTSKzYAAAG[39m
[2026-07-29 18:48:11:4811] [[32minfo[39m]: [32mNew WebSocket client connected: g6N38uIUqaop85TVAAAI[39m
[2026-07-29 18:48:11:4811] [[32minfo[39m]: [32mUser 6a69fb5c2b9ae9be810e9a33 bound to socket g6N38uIUqaop85TVAAAI[39m
[2026-07-29 18:48:11:4811] [[32minfo[39m]: [32mUser 6a69fb5c2b9ae9be810e9a33 disconnected from socket g6N38uIUqaop85TVAAAI[39m
[2026-07-29 18:48:11:4811] [[32minfo[39m]: [32mNew WebSocket client connected: 8hUXJE_rWRVHTkNmAAAK[39m
[2026-07-29 18:48:11:4811] [[32minfo[39m]: [32mUser 6a69fb5c2b9ae9be810e9a33 bound to socket 8hUXJE_rWRVHTkNmAAAK[39m
[2026-07-29 18:49:01:491] [[32minfo[39m]: [32mUser 6a69fb5c2b9ae9be810e9a33 disconnected from socket 8hUXJE_rWRVHTkNmAAAK[39m
[2026-07-29 18:49:01:491] [[32minfo[39m]: [32mNew WebSocket client connected: COh2o4rTxP-6rinHAAAM[39m
[2026-07-29 18:49:01:491] [[32minfo[39m]: [32mUser 6a69fb5c2b9ae9be810e9a33 bound to socket COh2o4rTxP-6rinHAAAM[39m
[2026-07-29 18:49:01:491] [[32minfo[39m]: [32mUser 6a69fb5c2b9ae9be810e9a33 disconnected from socket COh2o4rTxP-6rinHAAAM[39m
[2026-07-29 18:49:01:491] [[32minfo[39m]: [32mNew WebSocket client connected: 2kH-Emf1bbXy-Xd0AAAO[39m
[2026-07-29 18:49:01:491] [[32minfo[39m]: [32mUser 6a69fb5c2b9ae9be810e9a33 bound to socket 2kH-Emf1bbXy-Xd0AAAO[39m
[2026-07-29 18:49:01:491] [[32minfo[39m]: [32mUser 6a69fb5c2b9ae9be810e9a33 disconnected from socket 2kH-Emf1bbXy-Xd0AAAO[39m
[2026-07-29 18:49:01:491] [[32minfo[39m]: [32mNew WebSocket client connected: T2WdS1JRnPH9J3h-AAAQ[39m
[2026-07-29 18:49:01:491] [[32minfo[39m]: [32mUser 6a69fb5c2b9ae9be810e9a33 bound to socket T2WdS1JRnPH9J3h-AAAQ[39m
[2026-07-29 18:51:32:5132] [[32minfo[39m]: [32mNew WebSocket client connected: bv7sOhZeVuBZCeQnAAAS[39m
[2026-07-29 18:51:32:5132] [[32minfo[39m]: [32mUser 6a69b1594a095652eff2624b bound to socket bv7sOhZeVuBZCeQnAAAS[39m
[2026-07-29 18:51:32:5132] [[32minfo[39m]: [32mUser 6a69b1594a095652eff2624b disconnected from socket bv7sOhZeVuBZCeQnAAAS[39m
[2026-07-29 18:51:32:5132] [[32minfo[39m]: [32mNew WebSocket client connected: Et6tOxihi4n5zEBuAAAU[39m
[2026-07-29 18:51:32:5132] [[32minfo[39m]: [32mUser 6a69b1594a095652eff2624b bound to socket Et6tOxihi4n5zEBuAAAU[39m
[2026-07-29 18:51:32:5132] [[32minfo[39m]: [32mUser 6a69b1594a095652eff2624b disconnected from socket Et6tOxihi4n5zEBuAAAU[39m
[2026-07-29 18:51:32:5132] [[32minfo[39m]: [32mNew WebSocket client connected: 36m6LKOGJrdpYeDGAAAW[39m
[2026-07-29 18:51:32:5132] [[32minfo[39m]: [32mUser 6a69b1594a095652eff2624b bound to socket 36m6LKOGJrdpYeDGAAAW[39m
[2026-07-29 18:51:32:5132] [[32minfo[39m]: [32mUser 6a69b1594a095652eff2624b disconnected from socket 36m6LKOGJrdpYeDGAAAW[39m
[2026-07-29 18:51:32:5132] [[32minfo[39m]: [32mNew WebSocket client connected: yn5Y3usjtTyzy5sVAAAY[39m
[2026-07-29 18:51:32:5132] [[32minfo[39m]: [32mUser 6a69b1594a095652eff2624b bound to socket yn5Y3usjtTyzy5sVAAAY[39m
[2026-07-29 18:53:06:536] [[32minfo[39m]: [32mUser 6a69b1594a095652eff2624b disconnected from socket yn5Y3usjtTyzy5sVAAAY[39m
[2026-07-29 18:53:06:536] [[32minfo[39m]: [32mNew WebSocket client connected: HdNdCbIVMozfjEA4AAAa[39m
[2026-07-29 18:53:06:536] [[32minfo[39m]: [32mUser 6a69b1594a095652eff2624b bound to socket HdNdCbIVMozfjEA4AAAa[39m
[2026-07-29 18:53:06:536] [[32minfo[39m]: [32mUser 6a69b1594a095652eff2624b disconnected from socket HdNdCbIVMozfjEA4AAAa[39m
[2026-07-29 18:53:06:536] [[32minfo[39m]: [32mNew WebSocket client connected: 6zQDrNk1CedfFxQlAAAc[39m
[2026-07-29 18:53:06:536] [[32minfo[39m]: [32mUser 6a69b1594a095652eff2624b bound to socket 6zQDrNk1CedfFxQlAAAc[39m
[2026-07-29 18:53:06:536] [[32minfo[39m]: [32mUser 6a69b1594a095652eff2624b disconnected from socket 6zQDrNk1CedfFxQlAAAc[39m
[2026-07-29 18:53:06:536] [[32minfo[39m]: [32mNew WebSocket client connected: DpOHQEu_AGXyJOwnAAAe[39m
[2026-07-29 18:53:06:536] [[32minfo[39m]: [32mUser 6a69b1594a095652eff2624b bound to socket DpOHQEu_AGXyJOwnAAAe[39m
[2026-07-29 18:54:10:5410] [[32minfo[39m]: [32mNew WebSocket client connected: -rufCTxEP4ts_g6jAAAg[39m
[2026-07-29 18:54:10:5410] [[32minfo[39m]: [32mUser 6a69fb5c2b9ae9be810e9a33 bound to socket -rufCTxEP4ts_g6jAAAg[39m
[2026-07-29 18:54:10:5410] [[32minfo[39m]: [32mUser 6a69fb5c2b9ae9be810e9a33 disconnected from socket -rufCTxEP4ts_g6jAAAg[39m
[2026-07-29 18:54:10:5410] [[32minfo[39m]: [32mNew WebSocket client connected: Bbm_DMuHLChjRRDxAAAi[39m
[2026-07-29 18:54:10:5410] [[32minfo[39m]: [32mUser 6a69fb5c2b9ae9be810e9a33 bound to socket Bbm_DMuHLChjRRDxAAAi[39m
[2026-07-29 18:54:11:5411] [[32minfo[39m]: [32mUser 6a69fb5c2b9ae9be810e9a33 disconnected from socket Bbm_DMuHLChjRRDxAAAi[39m
[2026-07-29 18:54:11:5411] [[32minfo[39m]: [32mNew WebSocket client connected: VkDrrAyqHFSfKDdPAAAk[39m
[2026-07-29 18:54:11:5411] [[32minfo[39m]: [32mUser 6a69fb5c2b9ae9be810e9a33 bound to socket VkDrrAyqHFSfKDdPAAAk[39m
[2026-07-29 18:54:11:5411] [[32minfo[39m]: [32mUser 6a69fb5c2b9ae9be810e9a33 disconnected from socket VkDrrAyqHFSfKDdPAAAk[39m
[2026-07-29 18:54:11:5411] [[32minfo[39m]: [32mNew WebSocket client connected: lzqP9W00FPVR04cLAAAm[39m
[2026-07-29 18:54:11:5411] [[32minfo[39m]: [32mUser 6a69fb5c2b9ae9be810e9a33 bound to socket lzqP9W00FPVR04cLAAAm[39m
[2026-07-29 18:54:33:5433] [[32minfo[39m]: [32mUser 6a69fb5c2b9ae9be810e9a33 disconnected from socket lzqP9W00FPVR04cLAAAm[39m
[2026-07-29 18:54:33:5433] [[32minfo[39m]: [32mNew WebSocket client connected: ZfSMYioIq7EdPG-DAAAo[39m
[2026-07-29 18:54:33:5433] [[32minfo[39m]: [32mUser 6a69fb5c2b9ae9be810e9a33 bound to socket ZfSMYioIq7EdPG-DAAAo[39m
[2026-07-29 18:56:08:568] [[32minfo[39m]: [32mUser 6a69fb5c2b9ae9be810e9a33 disconnected from socket ZfSMYioIq7EdPG-DAAAo[39m
[2026-07-29 18:57:07:577] [[32minfo[39m]: [32mOTP email sent successfully to: raveendra.23mic7282@vitapstudent.ac.in[39m
[2026-07-29 18:57:23:5723] [[32minfo[39m]: [32mOTP Verified for user: raveendra.23mic7282@vitapstudent.ac.in[39m
[2026-07-29 18:57:24:5724] [[32minfo[39m]: [32mWelcome email sent successfully to: raveendra.23mic7282@vitapstudent.ac.in[39m
[2026-07-29 18:57:24:5724] [[32minfo[39m]: [32mNew WebSocket client connected: Rvw52zc6aWrZf_XTAAAq[39m
[2026-07-29 18:57:24:5724] [[32minfo[39m]: [32mUser 6a69ffa9222d9b76be57fdb5 bound to socket Rvw52zc6aWrZf_XTAAAq[39m
[2026-07-29 19:07:25:725] [[32minfo[39m]: [32mNew WebSocket client connected: UoaN2bt6qGRyJsnbAAAs[39m
[2026-07-29 19:07:25:725] [[32minfo[39m]: [32mUser 6a69b1594a095652eff2624b bound to socket UoaN2bt6qGRyJsnbAAAs[39m
[2026-07-29 19:07:25:725] [[32minfo[39m]: [32mUser 6a69b1594a095652eff2624b disconnected from socket UoaN2bt6qGRyJsnbAAAs[39m
[2026-07-29 19:07:25:725] [[32minfo[39m]: [32mNew WebSocket client connected: kp__hOwdEFBlH-lpAAAu[39m
[2026-07-29 19:07:25:725] [[32minfo[39m]: [32mUser 6a69b1594a095652eff2624b bound to socket kp__hOwdEFBlH-lpAAAu[39m
[2026-07-29 19:07:25:725] [[32minfo[39m]: [32mUser 6a69b1594a095652eff2624b disconnected from socket kp__hOwdEFBlH-lpAAAu[39m
[2026-07-29 19:07:25:725] [[32minfo[39m]: [32mNew WebSocket client connected: cG9KNyEtxFKbDUJ4AAAw[39m
[2026-07-29 19:07:25:725] [[32minfo[39m]: [32mUser 6a69b1594a095652eff2624b bound to socket cG9KNyEtxFKbDUJ4AAAw[39m
[2026-07-29 19:07:25:725] [[32minfo[39m]: [32mUser 6a69b1594a095652eff2624b disconnected from socket cG9KNyEtxFKbDUJ4AAAw[39m
[2026-07-29 19:07:25:725] [[32minfo[39m]: [32mNew WebSocket client connected: bNhlmdNZ2_XupFKDAAAy[39m
[2026-07-29 19:07:25:725] [[32minfo[39m]: [32mUser 6a69b1594a095652eff2624b bound to socket bNhlmdNZ2_XupFKDAAAy[39m
[2026-07-29 19:07:37:737] [[32minfo[39m]: [32mSocket bNhlmdNZ2_XupFKDAAAy joined room 6a6a0203222d9b76be57fe44[39m
[2026-07-29 19:07:47:747] [[32minfo[39m]: [32mSocket Rvw52zc6aWrZf_XTAAAq joined room 6a6a0203222d9b76be57fe44[39m
[2026-07-29 19:17:07:177] [[32minfo[39m]: [32mCloudinary integration enabled.[39m
[2026-07-29 19:17:08:178] [[32minfo[39m]: [32mServer is running in development mode on port 5000[39m
[2026-07-29 19:17:09:179] [[32minfo[39m]: [32mSuccessfully connected to MongoDB database.[39m
[2026-07-29 19:17:11:1711] [[32minfo[39m]: [32mNew WebSocket client connected: 9fQpsT4TxYclvWVyAAAC[39m
[2026-07-29 19:17:11:1711] [[32minfo[39m]: [32mNew WebSocket client connected: JEpclXRtflu4fi1EAAAD[39m
[2026-07-29 19:17:11:1711] [[32minfo[39m]: [32mUser 6a69ffa9222d9b76be57fdb5 bound to socket 9fQpsT4TxYclvWVyAAAC[39m
[2026-07-29 19:17:11:1711] [[32minfo[39m]: [32mUser 6a69b1594a095652eff2624b bound to socket JEpclXRtflu4fi1EAAAD[39m
[2026-07-29 19:17:34:1734] [[32minfo[39m]: [32mCloudinary integration enabled.[39m
[2026-07-29 19:17:34:1734] [[32minfo[39m]: [32mServer is running in development mode on port 5000[39m
[2026-07-29 19:17:34:1734] [[32minfo[39m]: [32mSuccessfully connected to MongoDB database.[39m
[2026-07-29 19:17:35:1735] [[32minfo[39m]: [32mNew WebSocket client connected: 2wFzcqR1tr1XF1TgAAAC[39m
[2026-07-29 19:17:35:1735] [[32minfo[39m]: [32mNew WebSocket client connected: xmED6xh5EHLQuFV9AAAD[39m
[2026-07-29 19:17:35:1735] [[32minfo[39m]: [32mUser 6a69b1594a095652eff2624b bound to socket 2wFzcqR1tr1XF1TgAAAC[39m
[2026-07-29 19:17:35:1735] [[32minfo[39m]: [32mUser 6a69ffa9222d9b76be57fdb5 bound to socket xmED6xh5EHLQuFV9AAAD[39m
[2026-07-29 19:17:57:1757] [[32minfo[39m]: [32mCloudinary integration enabled.[39m
[2026-07-29 19:17:58:1758] [[32minfo[39m]: [32mServer is running in development mode on port 5000[39m
[2026-07-29 19:17:58:1758] [[32minfo[39m]: [32mNew WebSocket client connected: _KNKYb-C1cZC4CbXAAAB[39m
[2026-07-29 19:17:58:1758] [[32minfo[39m]: [32mUser 6a69b1594a095652eff2624b bound to socket _KNKYb-C1cZC4CbXAAAB[39m
[2026-07-29 19:17:58:1758] [[32minfo[39m]: [32mSuccessfully connected to MongoDB database.[39m
[2026-07-29 19:17:58:1758] [[32minfo[39m]: [32mNew WebSocket client connected: c8pa2DxhsSGCsdpeAAAD[39m
[2026-07-29 19:17:58:1758] [[32minfo[39m]: [32mUser 6a69ffa9222d9b76be57fdb5 bound to socket c8pa2DxhsSGCsdpeAAAD[39m
[2026-07-29 19:18:09:189] [[32minfo[39m]: [32mCloudinary integration enabled.[39m
[2026-07-29 19:18:09:189] [[32minfo[39m]: [32mServer is running in development mode on port 5000[39m
[2026-07-29 19:18:10:1810] [[32minfo[39m]: [32mNew WebSocket client connected: GdKvDFgocY_s5nXLAAAB[39m
[2026-07-29 19:18:10:1810] [[32minfo[39m]: [32mUser 6a69ffa9222d9b76be57fdb5 bound to socket GdKvDFgocY_s5nXLAAAB[39m
[2026-07-29 19:18:10:1810] [[32minfo[39m]: [32mSuccessfully connected to MongoDB database.[39m
[2026-07-29 19:18:10:1810] [[32minfo[39m]: [32mNew WebSocket client connected: PdFfwLhJY0eXcaNoAAAD[39m
[2026-07-29 19:18:10:1810] [[32minfo[39m]: [32mUser 6a69b1594a095652eff2624b bound to socket PdFfwLhJY0eXcaNoAAAD[39m
[2026-07-29 19:18:16:1816] [[32minfo[39m]: [32mCloudinary integration enabled.[39m
[2026-07-29 19:18:16:1816] [[32minfo[39m]: [32mServer is running in development mode on port 5000[39m
[2026-07-29 19:18:16:1816] [[32minfo[39m]: [32mNew WebSocket client connected: XL7cJ7ksQOu7JrG-AAAC[39m
[2026-07-29 19:18:16:1816] [[32minfo[39m]: [32mUser 6a69ffa9222d9b76be57fdb5 bound to socket XL7cJ7ksQOu7JrG-AAAC[39m
[2026-07-29 19:18:16:1816] [[32minfo[39m]: [32mNew WebSocket client connected: N3pYeJppxMqm7TNgAAAD[39m
[2026-07-29 19:18:16:1816] [[32minfo[39m]: [32mUser 6a69b1594a095652eff2624b bound to socket N3pYeJppxMqm7TNgAAAD[39m
[2026-07-29 19:18:17:1817] [[32minfo[39m]: [32mSuccessfully connected to MongoDB database.[39m
[2026-07-29 19:18:37:1837] [[32minfo[39m]: [32mCloudinary integration enabled.[39m
[2026-07-29 19:18:37:1837] [[32minfo[39m]: [32mServer is running in development mode on port 5000[39m
[2026-07-29 19:18:37:1837] [[32minfo[39m]: [32mNew WebSocket client connected: CO6ZQHWTna7dE5GuAAAB[39m
[2026-07-29 19:18:37:1837] [[32minfo[39m]: [32mUser 6a69ffa9222d9b76be57fdb5 bound to socket CO6ZQHWTna7dE5GuAAAB[39m
[2026-07-29 19:18:38:1838] [[32minfo[39m]: [32mSuccessfully connected to MongoDB database.[39m
[2026-07-29 19:18:38:1838] [[32minfo[39m]: [32mNew WebSocket client connected: YDmbLwnaTKWwT_luAAAD[39m
[2026-07-29 19:18:38:1838] [[32minfo[39m]: [32mUser 6a69b1594a095652eff2624b bound to socket YDmbLwnaTKWwT_luAAAD[39m
[2026-07-29 19:18:57:1857] [[32minfo[39m]: [32mCloudinary integration enabled.[39m
[2026-07-29 19:18:57:1857] [[32minfo[39m]: [32mServer is running in development mode on port 5000[39m
[2026-07-29 19:18:57:1857] [[32minfo[39m]: [32mNew WebSocket client connected: QZUdm-_1pq0zUpZkAAAC[39m
[2026-07-29 19:18:57:1857] [[32minfo[39m]: [32mNew WebSocket client connected: kljvh_9GXPCQ_2mSAAAD[39m
[2026-07-29 19:18:57:1857] [[32minfo[39m]: [32mUser 6a69ffa9222d9b76be57fdb5 bound to socket QZUdm-_1pq0zUpZkAAAC[39m
[2026-07-29 19:18:57:1857] [[32minfo[39m]: [32mUser 6a69b1594a095652eff2624b bound to socket kljvh_9GXPCQ_2mSAAAD[39m
[2026-07-29 19:18:57:1857] [[32minfo[39m]: [32mSuccessfully connected to MongoDB database.[39m
[2026-07-29 19:19:04:194] [[32minfo[39m]: [32mCloudinary integration enabled.[39m
[2026-07-29 19:19:05:195] [[32minfo[39m]: [32mServer is running in development mode on port 5000[39m
[2026-07-29 19:19:05:195] [[32minfo[39m]: [32mSuccessfully connected to MongoDB database.[39m
[2026-07-29 19:19:05:195] [[32minfo[39m]: [32mNew WebSocket client connected: VW5kjp33YGM5PLZ8AAAB[39m
[2026-07-29 19:19:05:195] [[32minfo[39m]: [32mUser 6a69ffa9222d9b76be57fdb5 bound to socket VW5kjp33YGM5PLZ8AAAB[39m
[2026-07-29 19:19:06:196] [[32minfo[39m]: [32mNew WebSocket client connected: YavzVRAwJ6qRCiWjAAAD[39m
[2026-07-29 19:19:06:196] [[32minfo[39m]: [32mUser 6a69b1594a095652eff2624b bound to socket YavzVRAwJ6qRCiWjAAAD[39m
[2026-07-29 19:19:22:1922] [[32minfo[39m]: [32mUser 6a69ffa9222d9b76be57fdb5 disconnected from socket VW5kjp33YGM5PLZ8AAAB[39m
[2026-07-29 19:19:22:1922] [[32minfo[39m]: [32mUser 6a69b1594a095652eff2624b disconnected from socket YavzVRAwJ6qRCiWjAAAD[39m
[2026-07-29 19:19:23:1923] [[32minfo[39m]: [32mNew WebSocket client connected: KgheZw6c1mo7-iQlAAAG[39m
[2026-07-29 19:19:23:1923] [[32minfo[39m]: [32mNew WebSocket client connected: 4kTrV-xWMOXCQmMtAAAI[39m
[2026-07-29 19:19:23:1923] [[32minfo[39m]: [32mUser 6a69b1594a095652eff2624b bound to socket 4kTrV-xWMOXCQmMtAAAI[39m
[2026-07-29 19:19:23:1923] [[32minfo[39m]: [32mUser 6a69b1594a095652eff2624b disconnected from socket 4kTrV-xWMOXCQmMtAAAI[39m
[2026-07-29 19:19:23:1923] [[32minfo[39m]: [32mNew WebSocket client connected: lqe4gSb4P2pthCJDAAAK[39m
[2026-07-29 19:19:23:1923] [[32minfo[39m]: [32mUser 6a69b1594a095652eff2624b bound to socket lqe4gSb4P2pthCJDAAAK[39m
[2026-07-29 19:21:48:2148] [[32minfo[39m]: [32mNew WebSocket client connected: 75shJH8Wu25diozKAAAM[39m
[2026-07-29 19:21:48:2148] [[32minfo[39m]: [32mUser 6a69ffa9222d9b76be57fdb5 bound to socket 75shJH8Wu25diozKAAAM[39m
[2026-07-29 19:21:48:2148] [[32minfo[39m]: [32mUser 6a69ffa9222d9b76be57fdb5 disconnected from socket 75shJH8Wu25diozKAAAM[39m
[2026-07-29 19:21:48:2148] [[32minfo[39m]: [32mNew WebSocket client connected: ezK1a1dG6-rr2v0NAAAO[39m
[2026-07-29 19:21:48:2148] [[32minfo[39m]: [32mUser 6a69ffa9222d9b76be57fdb5 bound to socket ezK1a1dG6-rr2v0NAAAO[39m
[2026-07-29 19:21:48:2148] [[32minfo[39m]: [32mUser 6a69ffa9222d9b76be57fdb5 disconnected from socket ezK1a1dG6-rr2v0NAAAO[39m
[2026-07-29 19:21:48:2148] [[32minfo[39m]: [32mNew WebSocket client connected: 7H3xzTtVPHunK13SAAAQ[39m
[2026-07-29 19:21:48:2148] [[32minfo[39m]: [32mUser 6a69ffa9222d9b76be57fdb5 bound to socket 7H3xzTtVPHunK13SAAAQ[39m
[2026-07-29 19:21:48:2148] [[32minfo[39m]: [32mUser 6a69ffa9222d9b76be57fdb5 disconnected from socket 7H3xzTtVPHunK13SAAAQ[39m
[2026-07-29 19:21:48:2148] [[32minfo[39m]: [32mNew WebSocket client connected: xny_9Ku2xvKCzbv8AAAS[39m
[2026-07-29 19:21:48:2148] [[32minfo[39m]: [32mUser 6a69ffa9222d9b76be57fdb5 bound to socket xny_9Ku2xvKCzbv8AAAS[39m
[2026-07-29 19:22:17:2217] [[32minfo[39m]: [32mUser 6a69b1594a095652eff2624b disconnected from socket lqe4gSb4P2pthCJDAAAK[39m
[2026-07-29 19:22:17:2217] [[32minfo[39m]: [32mNew WebSocket client connected: hg9os42f1qkqHJCMAAAU[39m
[2026-07-29 19:22:17:2217] [[32minfo[39m]: [32mUser 6a69b1594a095652eff2624b bound to socket hg9os42f1qkqHJCMAAAU[39m
[2026-07-29 19:22:18:2218] [[32minfo[39m]: [32mUser 6a69b1594a095652eff2624b disconnected from socket hg9os42f1qkqHJCMAAAU[39m
[2026-07-29 19:22:18:2218] [[32minfo[39m]: [32mNew WebSocket client connected: PuOVS2EDt8UYi8G4AAAW[39m
[2026-07-29 19:22:18:2218] [[32minfo[39m]: [32mUser 6a69b1594a095652eff2624b bound to socket PuOVS2EDt8UYi8G4AAAW[39m
[2026-07-29 19:22:18:2218] [[32minfo[39m]: [32mUser 6a69b1594a095652eff2624b disconnected from socket PuOVS2EDt8UYi8G4AAAW[39m
[2026-07-29 19:22:18:2218] [[32minfo[39m]: [32mNew WebSocket client connected: 3G0iS65MRaoPdG31AAAY[39m
[2026-07-29 19:22:18:2218] [[32minfo[39m]: [32mUser 6a69b1594a095652eff2624b bound to socket 3G0iS65MRaoPdG31AAAY[39m
[2026-07-29 19:22:50:2250] [[32minfo[39m]: [32mNew WebSocket client connected: pbr4TO5UjHeXeh8iAAAa[39m
[2026-07-29 19:22:50:2250] [[32minfo[39m]: [32mUser 6a69b1594a095652eff2624b bound to socket pbr4TO5UjHeXeh8iAAAa[39m
[2026-07-29 19:22:50:2250] [[32minfo[39m]: [32mUser 6a69b1594a095652eff2624b disconnected from socket pbr4TO5UjHeXeh8iAAAa[39m
[2026-07-29 19:22:50:2250] [[32minfo[39m]: [32mNew WebSocket client connected: 3ivWrKuVcR6a3zZ4AAAc[39m
[2026-07-29 19:22:50:2250] [[32minfo[39m]: [32mUser 6a69b1594a095652eff2624b bound to socket 3ivWrKuVcR6a3zZ4AAAc[39m
[2026-07-29 19:22:51:2251] [[32minfo[39m]: [32mUser 6a69b1594a095652eff2624b disconnected from socket 3ivWrKuVcR6a3zZ4AAAc[39m
[2026-07-29 19:22:51:2251] [[32minfo[39m]: [32mNew WebSocket client connected: 3R_OHy_rl6F2kpf_AAAe[39m
[2026-07-29 19:22:51:2251] [[32minfo[39m]: [32mUser 6a69b1594a095652eff2624b bound to socket 3R_OHy_rl6F2kpf_AAAe[39m
[2026-07-29 19:22:51:2251] [[32minfo[39m]: [32mUser 6a69b1594a095652eff2624b disconnected from socket 3R_OHy_rl6F2kpf_AAAe[39m
[2026-07-29 19:22:51:2251] [[32minfo[39m]: [32mNew WebSocket client connected: lEO3Ib2OJZY-pZNDAAAg[39m
[2026-07-29 19:22:51:2251] [[32minfo[39m]: [32mUser 6a69b1594a095652eff2624b bound to socket lEO3Ib2OJZY-pZNDAAAg[39m
[2026-07-29 19:23:32:2332] [[32minfo[39m]: [32mUser 6a69b1594a095652eff2624b disconnected from socket lEO3Ib2OJZY-pZNDAAAg[39m
[2026-07-29 19:23:32:2332] [[32minfo[39m]: [32mNew WebSocket client connected: nmiWvSswWWKiFs68AAAi[39m
[2026-07-29 19:23:32:2332] [[32minfo[39m]: [32mUser 6a69b1594a095652eff2624b bound to socket nmiWvSswWWKiFs68AAAi[39m
[2026-07-29 19:23:32:2332] [[32minfo[39m]: [32mUser 6a69b1594a095652eff2624b disconnected from socket nmiWvSswWWKiFs68AAAi[39m
[2026-07-29 19:23:32:2332] [[32minfo[39m]: [32mNew WebSocket client connected: DXvQfZYmeV8D_QILAAAk[39m
[2026-07-29 19:23:32:2332] [[32minfo[39m]: [32mUser 6a69b1594a095652eff2624b bound to socket DXvQfZYmeV8D_QILAAAk[39m
[2026-07-29 19:23:32:2332] [[32minfo[39m]: [32mUser 6a69b1594a095652eff2624b disconnected from socket DXvQfZYmeV8D_QILAAAk[39m
[2026-07-29 19:23:32:2332] [[32minfo[39m]: [32mNew WebSocket client connected: HN3qNb6Reb4Eg5UpAAAm[39m
[2026-07-29 19:23:32:2332] [[32minfo[39m]: [32mUser 6a69b1594a095652eff2624b bound to socket HN3qNb6Reb4Eg5UpAAAm[39m
[2026-07-29 19:23:43:2343] [[32minfo[39m]: [32mUser 6a69ffa9222d9b76be57fdb5 disconnected from socket xny_9Ku2xvKCzbv8AAAS[39m
[2026-07-29 19:23:43:2343] [[32minfo[39m]: [32mNew WebSocket client connected: UwpD6bou2DNM-c-zAAAo[39m
[2026-07-29 19:23:43:2343] [[32minfo[39m]: [32mUser 6a69ffa9222d9b76be57fdb5 bound to socket UwpD6bou2DNM-c-zAAAo[39m
[2026-07-29 19:23:43:2343] [[32minfo[39m]: [32mUser 6a69ffa9222d9b76be57fdb5 disconnected from socket UwpD6bou2DNM-c-zAAAo[39m
[2026-07-29 19:23:43:2343] [[32minfo[39m]: [32mNew WebSocket client connected: wgIGu7NQLZTpo3XJAAAq[39m
[2026-07-29 19:23:43:2343] [[32minfo[39m]: [32mUser 6a69ffa9222d9b76be57fdb5 bound to socket wgIGu7NQLZTpo3XJAAAq[39m
[2026-07-29 19:23:43:2343] [[32minfo[39m]: [32mUser 6a69ffa9222d9b76be57fdb5 disconnected from socket wgIGu7NQLZTpo3XJAAAq[39m
[2026-07-29 19:23:43:2343] [[32minfo[39m]: [32mNew WebSocket client connected: xb4xpvT1FtMACA-2AAAs[39m
[2026-07-29 19:23:43:2343] [[32minfo[39m]: [32mUser 6a69ffa9222d9b76be57fdb5 bound to socket xb4xpvT1FtMACA-2AAAs[39m
[2026-07-29 19:24:18:2418] [[32minfo[39m]: [32mSocket xb4xpvT1FtMACA-2AAAs joined room 6a6a0203222d9b76be57fe44[39m
[2026-07-29 19:24:19:2419] [[32minfo[39m]: [32mSocket xb4xpvT1FtMACA-2AAAs joined room 6a6a0203222d9b76be57fe44[39m
[2026-07-29 19:24:29:2429] [[32minfo[39m]: [32mUser 6a69b1594a095652eff2624b disconnected from socket HN3qNb6Reb4Eg5UpAAAm[39m
[2026-07-29 19:25:26:2526] [[32minfo[39m]: [32mCloudinary integration enabled.[39m
[2026-07-29 19:25:27:2527] [[32minfo[39m]: [32mServer is running in development mode on port 5000[39m
[2026-07-29 19:25:28:2528] [[32minfo[39m]: [32mSuccessfully connected to MongoDB database.[39m
[2026-07-29 19:25:32:2532] [[32minfo[39m]: [32mNew WebSocket client connected: P60lEkIgINy4DFNSAAAB[39m
[2026-07-29 19:25:32:2532] [[32minfo[39m]: [32mUser 6a69ffa9222d9b76be57fdb5 bound to socket P60lEkIgINy4DFNSAAAB[39m
[2026-07-29 19:25:32:2532] [[32minfo[39m]: [32mNew WebSocket client connected: Iaq3Cp6fG4Z3-nRtAAAE[39m
[2026-07-29 19:25:32:2532] [[32minfo[39m]: [32mNew WebSocket client connected: b3yQq1yYSQsHGPh6AAAG[39m
[2026-07-29 19:25:32:2532] [[32minfo[39m]: [32mUser 6a69b1594a095652eff2624b bound to socket b3yQq1yYSQsHGPh6AAAG[39m
[2026-07-29 19:25:33:2533] [[32minfo[39m]: [32mUser 6a69b1594a095652eff2624b disconnected from socket b3yQq1yYSQsHGPh6AAAG[39m
[2026-07-29 19:25:33:2533] [[32minfo[39m]: [32mNew WebSocket client connected: Sf6z9VYEvHv6WSEyAAAI[39m
[2026-07-29 19:25:33:2533] [[32minfo[39m]: [32mUser 6a69b1594a095652eff2624b bound to socket Sf6z9VYEvHv6WSEyAAAI[39m
[2026-07-29 19:25:37:2537] [[32minfo[39m]: [32mUser 6a69b1594a095652eff2624b disconnected from socket Sf6z9VYEvHv6WSEyAAAI[39m
[2026-07-29 19:25:37:2537] [[32minfo[39m]: [32mNew WebSocket client connected: AzXKUzwK3yC4QQvMAAAK[39m
[2026-07-29 19:25:37:2537] [[32minfo[39m]: [32mUser 6a69b1594a095652eff2624b bound to socket AzXKUzwK3yC4QQvMAAAK[39m
[2026-07-29 19:25:37:2537] [[32minfo[39m]: [32mUser 6a69b1594a095652eff2624b disconnected from socket AzXKUzwK3yC4QQvMAAAK[39m
[2026-07-29 19:25:37:2537] [[32minfo[39m]: [32mNew WebSocket client connected: J636CN4aEjn8Z75DAAAM[39m
[2026-07-29 19:25:37:2537] [[32minfo[39m]: [32mUser 6a69b1594a095652eff2624b bound to socket J636CN4aEjn8Z75DAAAM[39m
[2026-07-29 19:25:37:2537] [[32minfo[39m]: [32mUser 6a69b1594a095652eff2624b disconnected from socket J636CN4aEjn8Z75DAAAM[39m
[2026-07-29 19:25:37:2537] [[32minfo[39m]: [32mNew WebSocket client connected: 7dBrATOkltfcks41AAAO[39m
[2026-07-29 19:25:37:2537] [[32minfo[39m]: [32mUser 6a69b1594a095652eff2624b bound to socket 7dBrATOkltfcks41AAAO[39m
[2026-07-29 19:28:35:2835] [[32minfo[39m]: [32mUser 6a69b1594a095652eff2624b disconnected from socket 7dBrATOkltfcks41AAAO[39m
[2026-07-29 19:28:35:2835] [[32minfo[39m]: [32mNew WebSocket client connected: bCRmB-PYbEfyyDZmAAAQ[39m
[2026-07-29 19:28:35:2835] [[32minfo[39m]: [32mUser 6a69b1594a095652eff2624b bound to socket bCRmB-PYbEfyyDZmAAAQ[39m
[2026-07-29 19:28:35:2835] [[32minfo[39m]: [32mUser 6a69b1594a095652eff2624b disconnected from socket bCRmB-PYbEfyyDZmAAAQ[39m
[2026-07-29 19:28:35:2835] [[32minfo[39m]: [32mNew WebSocket client connected: -hVnkNyHC1dmzT_EAAAS[39m
[2026-07-29 19:28:35:2835] [[32minfo[39m]: [32mUser 6a69b1594a095652eff2624b bound to socket -hVnkNyHC1dmzT_EAAAS[39m
[2026-07-29 19:28:35:2835] [[32minfo[39m]: [32mUser 6a69b1594a095652eff2624b disconnected from socket -hVnkNyHC1dmzT_EAAAS[39m
[2026-07-29 19:28:35:2835] [[32minfo[39m]: [32mNew WebSocket client connected: MwytD0CmFwYcEncbAAAU[39m
[2026-07-29 19:28:35:2835] [[32minfo[39m]: [32mUser 6a69b1594a095652eff2624b bound to socket MwytD0CmFwYcEncbAAAU[39m
[2026-07-29 19:30:17:3017] [[32minfo[39m]: [32mUser 6a69ffa9222d9b76be57fdb5 disconnected from socket P60lEkIgINy4DFNSAAAB[39m
[2026-07-29 19:30:19:3019] [[32minfo[39m]: [32mUser 6a69b1594a095652eff2624b disconnected from socket MwytD0CmFwYcEncbAAAU[39m
[2026-07-29 21:21:47:2147] [[32minfo[39m]: [32mCloudinary integration enabled.[39m
[2026-07-29 21:21:48:2148] [[32minfo[39m]: [32mServer is running in development mode on port 5000[39m
[2026-07-29 21:21:49:2149] [[32minfo[39m]: [32mSuccessfully connected to MongoDB database.[39m
[2026-07-29 21:26:33:2633] [[32minfo[39m]: [32mCloudinary integration enabled.[39m
[2026-07-29 21:26:33:2633] [[32minfo[39m]: [32mServer is running in development mode on port 5000[39m
[2026-07-29 21:26:34:2634] [[32minfo[39m]: [32mSuccessfully connected to MongoDB database.[39m
